,surgery,Age,Hospital Number,rectal temperature,pulse,respiratory rate,temperature of extremities,peripheral pulse,mucous membranes,capillary refill time,pain,peristalsis,abdominal distension,nasogastric tube,nasogastric reflux,nasogastric reflux PH,rectal examination,abdomen,packed cell volume,total protein,abdominocentesis appearance,abdomcentesis total protein,outcome,surgical lesion,type of lesion,type of lesion.1,type of lesion.2,cp_data
0,2.0,1.0,530101.0,38.5,66.0,28.0,3.0,3.0,1.0,2.0,5.0,4.0,4.0,2.0,1.0,2.0,3.0,5.0,45.0,8.4,2.0,2.0,2.0,2.0,11300.0,0.0,0.0,2.0
1,1.0,1.0,534817.0,39.2,88.0,20.0,3.0,1.0,4.0,1.0,3.0,4.0,2.0,2.0,1.0,2.0,4.0,2.0,50.0,85.0,2.0,2.0,3.0,2.0,2208.0,0.0,0.0,2.0
2,2.0,1.0,530334.0,38.3,40.0,24.0,1.0,1.0,3.0,1.0,3.0,3.0,1.0,2.0,1.0,2.0,1.0,1.0,33.0,6.7,2.0,2.0,1.0,2.0,0.0,0.0,0.0,1.0
3,1.0,9.0,5290409.0,39.1,164.0,84.0,4.0,1.0,6.0,2.0,2.0,4.0,4.0,1.0,2.0,5.0,3.0,5.0,48.0,7.2,3.0,5.3,2.0,1.0,2208.0,0.0,0.0,1.0
4,2.0,1.0,530255.0,37.3,104.0,35.0,3.0,1.0,6.0,2.0,3.0,3.0,1.0,2.0,1.0,2.0,4.0,5.0,74.0,7.4,2.0,2.0,2.0,2.0,4300.0,0.0,0.0,2.0
5,2.0,1.0,528355.0,38.0,48.0,20.0,2.0,1.0,3.0,1.0,2.0,3.0,2.0,2.0,1.0,2.0,3.0,3.0,37.0,7.5,2.0,2.0,1.0,2.0,0.0,0.0,0.0,2.0
6,1.0,1.0,526802.0,37.9,48.0,16.0,1.0,1.0,1.0,1.0,3.0,3.0,3.0,1.0,1.0,2.0,3.0,5.0,37.0,7.0,2.0,2.0,1.0,1.0,3124.0,0.0,0.0,2.0
7,1.0,1.0,529607.0,38.0,60.0,20.0,3.0,1.0,1.0,1.0,3.0,4.0,2.0,2.0,1.0,2.0,3.0,4.0,44.0,8.3,2.0,2.0,2.0,1.0,2208.0,0.0,0.0,2.0
8,2.0,1.0,530051.0,38.0,80.0,36.0,3.0,4.0,3.0,1.0,4.0,4.0,4.0,2.0,1.0,2.0,3.0,5.0,38.0,6.2,2.0,2.0,3.0,1.0,3205.0,0.0,0.0,2.0
9,2.0,9.0,5299629.0,38.3,90.0,20.0,1.0,1.0,1.0,1.0,5.0,3.0,1.0,2.0,1.0,2.0,3.0,5.0,40.0,6.2,1.0,2.2,1.0,2.0,0.0,0.0,0.0,1.0
10,1.0,1.0,528548.0,38.1,66.0,12.0,3.0,3.0,5.0,1.0,3.0,3.0,1.0,2.0,1.0,3.0,2.0,5.0,44.0,6.0,2.0,3.6,1.0,1.0,2124.0,0.0,0.0,1.0
11,2.0,1.0,527927.0,39.1,72.0,52.0,2.0,1.0,2.0,1.0,2.0,1.0,2.0,1.0,1.0,2.0,4.0,4.0,50.0,7.8,2.0,2.0,1.0,1.0,2111.0,0.0,0.0,2.0
12,1.0,1.0,528031.0,37.2,42.0,12.0,2.0,1.0,1.0,1.0,3.0,3.0,3.0,3.0,1.0,2.0,4.0,5.0,37.0,7.0,2.0,2.0,1.0,2.0,4124.0,0.0,0.0,2.0
13,2.0,9.0,5291329.0,38.0,92.0,28.0,1.0,1.0,2.0,1.0,1.0,3.0,2.0,3.0,1.0,7.2,1.0,1.0,37.0,6.1,1.0,2.0,2.0,2.0,0.0,0.0,0.0,1.0
14,1.0,1.0,534917.0,38.2,76.0,28.0,3.0,1.0,1.0,1.0,3.0,4.0,1.0,2.0,2.0,2.0,4.0,4.0,46.0,81.0,1.0,2.0,1.0,1.0,2112.0,0.0,0.0,2.0
15,1.0,1.0,530233.0,37.6,96.0,48.0,3.0,1.0,4.0,1.0,5.0,3.0,3.0,2.0,3.0,4.5,4.0,5.0,45.0,6.8,2.0,2.0,2.0,1.0,3207.0,0.0,0.0,2.0
16,1.0,9.0,5301219.0,38.0,128.0,36.0,3.0,3.0,4.0,2.0,4.0,4.0,3.0,3.0,1.0,2.0,4.0,5.0,53.0,7.8,3.0,4.7,2.0,2.0,1400.0,0.0,0.0,1.0
17,2.0,1.0,526639.0,37.5,48.0,24.0,3.0,1.0,1.0,1.0,3.0,3.0,1.0,2.0,1.0,2.0,4.0,5.0,37.0,7.5,2.0,2.0,1.0,2.0,0.0,0.0,0.0,2.0
18,1.0,1.0,5290481.0,37.6,64.0,21.0,1.0,1.0,2.0,1.0,2.0,3.0,1.0,1.0,1.0,2.0,2.0,5.0,40.0,7.0,1.0,2.0,1.0,1.0,4205.0,0.0,0.0,1.0
19,2.0,1.0,532110.0,39.4,110.0,35.0,4.0,3.0,6.0,1.0,3.0,3.0,3.0,2.0,1.0,2.0,4.0,5.0,55.0,8.7,2.0,2.0,1.0,2.0,0.0,0.0,0.0,2.0
20,1.0,1.0,530157.0,39.9,72.0,60.0,1.0,1.0,5.0,2.0,5.0,4.0,4.0,3.0,1.0,2.0,4.0,4.0,46.0,6.1,2.0,2.0,1.0,1.0,2111.0,0.0,0.0,2.0
21,2.0,1.0,529340.0,38.4,48.0,16.0,1.0,1.0,1.0,1.0,1.0,3.0,1.0,2.0,3.0,5.5,4.0,3.0,49.0,6.8,2.0,2.0,1.0,2.0,0.0,0.0,0.0,2.0
22,1.0,1.0,521681.0,38.6,42.0,34.0,2.0,1.0,4.0,1.0,2.0,3.0,1.0,2.0,1.0,2.0,1.0,5.0,48.0,7.2,2.0,2.0,1.0,1.0,3111.0,0.0,0.0,2.0
23,1.0,9.0,534998.0,38.3,130.0,60.0,3.0,3.0,1.0,1.0,2.0,4.0,1.0,2.0,1.0,2.0,4.0,5.0,50.0,70.0,2.0,2.0,1.0,1.0,3111.0,0.0,0.0,2.0
24,1.0,1.0,533692.0,38.1,60.0,12.0,3.0,3.0,3.0,1.0,3.0,4.0,3.0,3.0,2.0,2.0,4.0,5.0,51.0,65.0,2.0,2.0,1.0,1.0,3111.0,0.0,0.0,2.0
25,2.0,1.0,529518.0,37.8,60.0,42.0,3.0,1.0,1.0,1.0,3.0,3.0,1.0,2.0,1.0,2.0,4.0,5.0,37.0,7.5,2.0,2.0,1.0,2.0,0.0,0.0,0.0,2.0
26,1.0,1.0,530526.0,38.3,72.0,30.0,4.0,3.0,3.0,2.0,3.0,3.0,3.0,2.0,1.0,2.0,3.0,5.0,43.0,7.0,2.0,3.9,1.0,1.0,3111.0,0.0,0.0,1.0
27,1.0,1.0,528653.0,37.8,48.0,12.0,3.0,1.0,1.0,1.0,3.0,3.0,2.0,1.0,1.0,2.0,1.0,3.0,37.0,5.5,2.0,1.3,1.0,2.0,4122.0,0.0,0.0,1.0
28,1.0,1.0,5279442.0,38.0,48.0,20.0,3.0,1.0,1.0,1.0,3.0,3.0,1.0,2.0,1.0,2.0,4.0,5.0,37.0,7.5,2.0,2.0,2.0,2.0,4300.0,0.0,0.0,2.0
29,2.0,1.0,535415.0,37.7,48.0,20.0,2.0,1.0,1.0,1.0,1.0,1.0,1.0,1.0,1.0,2.0,4.0,5.0,45.0,76.0,2.0,2.0,1.0,2.0,0.0,0.0,0.0,2.0
30,2.0,1.0,529475.0,37.7,96.0,30.0,3.0,3.0,4.0,2.0,5.0,4.0,4.0,3.0,2.0,4.0,4.0,5.0,66.0,7.5,2.0,2.0,2.0,1.0,4205.0,0.0,0.0,2.0
31,2.0,1.0,530242.0,37.2,108.0,12.0,3.0,3.0,4.0,2.0,2.0,4.0,2.0,2.0,3.0,6.0,3.0,3.0,52.0,8.2,3.0,7.4,3.0,1.0,2207.0,0.0,0.0,1.0
32,1.0,1.0,529427.0,37.2,60.0,20.0,2.0,1.0,1.0,1.0,3.0,3.0,3.0,2.0,1.0,2.0,4.0,5.0,43.0,6.6,2.0,2.0,1.0,1.0,2209.0,0.0,0.0,2.0
33,1.0,1.0,529663.0,38.2,64.0,28.0,1.0,1.0,1.0,1.0,3.0,1.0,1.0,2.0,1.0,2.0,4.0,4.0,49.0,8.6,2.0,6.6,1.0,1.0,2208.0,0.0,0.0,1.0
34,1.0,1.0,529796.0,38.0,100.0,30.0,3.0,3.0,4.0,2.0,5.0,4.0,4.0,3.0,3.0,2.0,4.0,4.0,52.0,6.6,2.0,2.0,1.0,1.0,1124.0,0.0,0.0,2.0
35,2.0,1.0,528812.0,38.0,104.0,24.0,4.0,3.0,3.0,2.0,4.0,4.0,3.0,2.0,3.0,2.0,4.0,2.0,73.0,8.4,2.0,2.0,3.0,1.0,7111.0,0.0,0.0,2.0
36,2.0,1.0,529493.0,38.3,112.0,16.0,3.0,3.0,5.0,2.0,3.0,3.0,1.0,1.0,2.0,2.0,4.0,5.0,51.0,6.0,2.0,1.0,3.0,2.0,5205.0,0.0,0.0,1.0
37,1.0,1.0,533847.0,37.8,72.0,20.0,3.0,3.0,1.0,1.0,5.0,3.0,1.0,2.0,1.0,2.0,1.0,1.0,56.0,80.0,1.0,2.0,1.0,1.0,3111.0,0.0,0.0,2.0
38,2.0,1.0,528996.0,38.6,52.0,20.0,1.0,1.0,1.0,1.0,3.0,3.0,2.0,1.0,1.0,2.0,1.0,3.0,32.0,6.6,1.0,5.0,1.0,2.0,0.0,0.0,0.0,1.0
39,1.0,9.0,5277409.0,39.2,146.0,96.0,3.0,1.0,1.0,1.0,3.0,3.0,1.0,2.0,1.0,2.0,4.0,5.0,37.0,7.5,2.0,2.0,2.0,1.0,2113.0,0.0,0.0,2.0
40,1.0,1.0,529498.0,38.0,88.0,20.0,3.0,3.0,6.0,2.0,5.0,3.0,3.0,1.0,3.0,2.0,4.0,5.0,63.0,6.5,3.0,2.0,2.0,1.0,4205.0,0.0,0.0,2.0
41,2.0,9.0,5288249.0,39.0,150.0,72.0,3.0,1.0,1.0,1.0,3.0,3.0,1.0,2.0,1.0,2.0,4.0,5.0,47.0,8.5,2.0,0.1,1.0,1.0,9400.0,0.0,0.0,1.0
42,2.0,1.0,530301.0,38.0,60.0,12.0,3.0,1.0,3.0,1.0,3.0,3.0,1.0,1.0,1.0,2.0,2.0,2.0,47.0,7.0,2.0,2.0,1.0,2.0,3111.0,0.0,0.0,2.0
43,1.0,1.0,534069.0,38.0,120.0,20.0,3.0,4.0,4.0,1.0,4.0,4.0,4.0,1.0,1.0,2.0,4.0,5.0,52.0,67.0,2.0,2.0,3.0,1.0,3205.0,0.0,0.0,2.0
44,1.0,1.0,535407.0,35.4,140.0,24.0,3.0,3.0,4.0,2.0,4.0,4.0,1.0,2.0,1.0,2.0,4.0,5.0,57.0,69.0,3.0,2.0,3.0,1.0,3205.0,0.0,0.0,2.0
45,2.0,1.0,529827.0,38.0,120.0,20.0,4.0,3.0,4.0,2.0,5.0,4.0,4.0,1.0,1.0,2.0,4.0,5.0,60.0,6.5,3.0,2.0,2.0,1.0,3205.0,0.0,0.0,2.0
46,1.0,1.0,529888.0,37.9,60.0,15.0,3.0,1.0,4.0,2.0,5.0,4.0,4.0,2.0,2.0,2.0,4.0,5.0,65.0,7.5,2.0,2.0,1.0,1.0,2305.0,0.0,0.0,1.0
47,2.0,1.0,529821.0,37.5,48.0,16.0,1.0,1.0,1.0,1.0,1.0,1.0,1.0,1.0,1.0,2.0,1.0,5.0,37.0,6.5,2.0,2.0,1.0,2.0,0.0,0.0,0.0,2.0
48,1.0,1.0,528890.0,38.9,80.0,44.0,3.0,3.0,3.0,2.0,2.0,3.0,3.0,2.0,2.0,7.0,3.0,1.0,54.0,6.5,3.0,2.0,2.0,1.0,7111.0,0.0,0.0,2.0
49,2.0,1.0,529642.0,37.2,84.0,48.0,3.0,3.0,5.0,2.0,4.0,1.0,2.0,1.0,2.0,2.0,2.0,1.0,73.0,5.5,2.0,4.1,2.0,2.0,4300.0,0.0,0.0,1.0
50,2.0,1.0,529766.0,38.6,46.0,20.0,1.0,1.0,2.0,1.0,1.0,3.0,2.0,1.0,1.0,2.0,4.0,2.0,49.0,9.1,1.0,1.6,1.0,2.0,3111.0,0.0,0.0,1.0
51,1.0,1.0,527706.0,37.4,84.0,36.0,1.0,1.0,3.0,2.0,3.0,3.0,2.0,2.0,1.0,2.0,4.0,5.0,37.0,7.5,3.0,2.0,2.0,1.0,7209.0,0.0,0.0,1.0
52,2.0,1.0,529483.0,38.0,48.0,20.0,1.0,1.0,3.0,1.0,1.0,3.0,1.0,2.0,1.0,2.0,2.0,2.0,43.0,7.7,2.0,2.0,1.0,2.0,3111.0,0.0,0.0,2.0
53,2.0,1.0,530544.0,38.6,40.0,20.0,3.0,1.0,1.0,1.0,3.0,3.0,1.0,2.0,1.0,2.0,4.0,5.0,41.0,6.4,2.0,2.0,1.0,2.0,3111.0,0.0,0.0,1.0
54,2.0,1.0,529461.0,40.3,114.0,36.0,3.0,3.0,1.0,2.0,2.0,3.0,3.0,2.0,1.0,7.0,1.0,5.0,57.0,8.1,3.0,4.5,3.0,1.0,7400.0,0.0,0.0,1.0
55,1.0,9.0,5282839.0,38.6,160.0,20.0,3.0,1.0,5.0,1.0,3.0,3.0,4.0,3.0,1.0,2.0,4.0,5.0,38.0,7.5,2.0,2.0,2.0,1.0,7111.0,0.0,0.0,1.0
56,1.0,1.0,528872.0,38.0,48.0,20.0,3.0,1.0,1.0,1.0,3.0,3.0,1.0,2.0,1.0,2.0,4.0,5.0,24.0,6.7,2.0,2.0,1.0,1.0,3112.0,0.0,0.0,2.0
57,1.0,1.0,529640.0,38.0,64.0,36.0,2.0,1.0,2.0,1.0,5.0,3.0,3.0,2.0,2.0,2.0,4.0,5.0,42.0,7.7,2.0,2.0,2.0,1.0,3209.0,0.0,0.0,2.0
58,1.0,1.0,528298.0,38.0,48.0,20.0,4.0,3.0,3.0,1.0,5.0,4.0,3.0,2.0,1.0,2.0,4.0,4.0,53.0,5.9,3.0,2.0,2.0,1.0,3205.0,0.0,0.0,1.0
59,2.0,1.0,528904.0,38.0,96.0,20.0,3.0,3.0,3.0,2.0,5.0,4.0,4.0,1.0,2.0,2.0,4.0,5.0,60.0,7.5,2.0,2.0,2.0,1.0,4205.0,0.0,0.0,2.0
60,2.0,1.0,530438.0,37.8,48.0,32.0,1.0,1.0,3.0,1.0,2.0,1.0,1.0,1.0,1.0,2.0,4.0,5.0,37.0,6.7,2.0,2.0,1.0,2.0,2124.0,0.0,0.0,2.0
61,2.0,1.0,527957.0,38.5,60.0,20.0,2.0,2.0,1.0,1.0,1.0,2.0,2.0,2.0,1.0,2.0,1.0,1.0,44.0,7.7,2.0,2.0,1.0,2.0,0.0,0.0,0.0,2.0
62,1.0,1.0,528630.0,37.8,88.0,22.0,2.0,1.0,2.0,1.0,3.0,3.0,1.0,2.0,1.0,2.0,4.0,5.0,64.0,8.0,1.0,6.0,2.0,1.0,3205.0,0.0,0.0,1.0
63,2.0,1.0,534293.0,38.2,130.0,16.0,4.0,3.0,4.0,2.0,2.0,4.0,4.0,1.0,1.0,2.0,4.0,5.0,65.0,82.0,2.0,2.0,3.0,2.0,2209.0,1400.0,0.0,2.0
64,1.0,1.0,529667.0,39.0,64.0,36.0,3.0,1.0,4.0,2.0,3.0,3.0,2.0,1.0,2.0,7.0,4.0,5.0,44.0,7.5,3.0,5.0,1.0,1.0,2113.0,0.0,0.0,1.0
65,1.0,1.0,534885.0,38.0,60.0,36.0,3.0,1.0,3.0,1.0,3.0,3.0,2.0,1.0,1.0,2.0,3.0,4.0,26.0,72.0,2.0,1.0,1.0,1.0,2208.0,0.0,0.0,2.0
66,2.0,1.0,534784.0,37.9,72.0,20.0,1.0,1.0,5.0,2.0,3.0,3.0,1.0,1.0,3.0,2.0,3.0,4.0,58.0,74.0,1.0,2.0,1.0,1.0,2322.0,0.0,0.0,2.0
67,2.0,1.0,528931.0,38.4,54.0,24.0,1.0,1.0,1.0,1.0,1.0,3.0,1.0,2.0,1.0,2.0,3.0,2.0,49.0,7.2,1.0,2.0,1.0,2.0,3111.0,0.0,0.0,1.0
68,2.0,1.0,529777.0,38.0,52.0,16.0,1.0,1.0,3.0,1.0,3.0,3.0,1.0,2.0,3.0,5.5,4.0,5.0,55.0,7.2,2.0,2.0,1.0,2.0,2124.0,0.0,0.0,2.0
69,2.0,1.0,530276.0,38.0,48.0,12.0,1.0,1.0,1.0,1.0,1.0,3.0,1.0,1.0,1.0,2.0,3.0,2.0,42.0,6.3,2.0,4.1,1.0,2.0,3111.0,0.0,0.0,1.0
70,2.0,1.0,528214.0,37.0,60.0,20.0,3.0,1.0,1.0,1.0,3.0,3.0,3.0,2.0,2.0,4.5,4.0,4.0,43.0,7.6,2.0,2.0,3.0,1.0,2209.0,0.0,0.0,1.0
71,1.0,1.0,529424.0,37.8,48.0,28.0,1.0,1.0,1.0,1.0,1.0,2.0,1.0,2.0,1.0,2.0,1.0,1.0,46.0,5.9,2.0,7.0,1.0,2.0,0.0,0.0,0.0,1.0
72,1.0,1.0,5299253.0,37.7,56.0,20.0,3.0,1.0,1.0,1.0,3.0,3.0,1.0,2.0,1.0,2.0,4.0,5.0,37.0,7.5,2.0,2.0,2.0,1.0,2113.0,0.0,0.0,2.0
73,1.0,1.0,528469.0,38.1,52.0,24.0,1.0,1.0,5.0,1.0,4.0,3.0,1.0,2.0,3.0,7.0,1.0,5.0,54.0,7.5,2.0,2.6,2.0,1.0,2112.0,0.0,0.0,1.0
74,1.0,9.0,5292929.0,38.0,48.0,20.0,3.0,1.0,1.0,1.0,3.0,3.0,1.0,2.0,1.0,2.0,4.0,5.0,37.0,4.9,2.0,2.0,2.0,1.0,11124.0,0.0,0.0,2.0
75,1.0,9.0,534092.0,39.7,100.0,20.0,3.0,3.0,5.0,2.0,2.0,3.0,1.0,2.0,1.0,2.0,4.0,5.0,48.0,57.0,2.0,2.0,3.0,1.0,1400.0,0.0,0.0,2.0
76,1.0,1.0,534615.0,37.6,38.0,20.0,3.0,3.0,1.0,1.0,3.0,3.0,2.0,2.0,1.0,2.0,3.0,5.0,37.0,68.0,2.0,2.0,1.0,1.0,3205.0,0.0,0.0,2.0
77,2.0,1.0,534753.0,38.7,52.0,20.0,2.0,1.0,1.0,1.0,1.0,1.0,1.0,1.0,1.0,2.0,1.0,1.0,33.0,77.0,2.0,2.0,1.0,2.0,0.0,0.0,0.0,2.0
78,1.0,1.0,530693.0,38.0,48.0,20.0,3.0,3.0,3.0,3.0,5.0,3.0,3.0,3.0,2.0,2.0,4.0,5.0,46.0,5.9,2.0,2.0,2.0,1.0,3025.0,0.0,0.0,2.0
79,1.0,1.0,527463.0,37.5,96.0,18.0,1.0,3.0,6.0,2.0,3.0,4.0,2.0,2.0,3.0,5.0,4.0,4.0,69.0,8.9,3.0,2.0,1.0,1.0,2208.0,0.0,0.0,1.0
80,1.0,1.0,527518.0,36.4,98.0,35.0,3.0,3.0,4.0,1.0,4.0,3.0,2.0,2.0,1.0,2.0,4.0,4.0,47.0,6.4,3.0,3.6,2.0,1.0,2205.0,0.0,0.0,1.0
81,1.0,1.0,534756.0,37.3,40.0,20.0,3.0,3.0,1.0,1.0,2.0,3.0,2.0,3.0,1.0,2.0,3.0,5.0,36.0,7.5,3.0,2.0,1.0,1.0,3111.0,0.0,0.0,2.0
82,1.0,9.0,5290759.0,38.1,100.0,80.0,3.0,1.0,2.0,1.0,3.0,4.0,1.0,2.0,1.0,2.0,1.0,5.0,36.0,5.7,2.0,2.0,1.0,1.0,3111.0,0.0,0.0,2.0
83,1.0,1.0,5279822.0,38.0,48.0,24.0,3.0,3.0,6.0,2.0,5.0,3.0,4.0,1.0,1.0,2.0,4.0,5.0,68.0,7.8,2.0,2.0,2.0,1.0,3205.0,0.0,0.0,2.0
84,1.0,1.0,529849.0,37.8,60.0,80.0,1.0,3.0,2.0,2.0,2.0,3.0,3.0,2.0,2.0,5.5,4.0,5.0,40.0,4.5,2.0,2.0,1.0,1.0,5206.0,0.0,0.0,1.0
85,2.0,1.0,529304.0,38.0,54.0,30.0,2.0,3.0,3.0,3.0,3.0,1.0,2.0,2.0,2.0,2.0,4.0,4.0,45.0,6.2,2.0,2.0,1.0,2.0,400.0,0.0,0.0,2.0
86,1.0,1.0,529388.0,38.0,88.0,40.0,3.0,3.0,4.0,2.0,5.0,4.0,3.0,3.0,1.0,2.0,4.0,5.0,50.0,7.7,3.0,1.4,2.0,1.0,4205.0,0.0,0.0,1.0
87,2.0,1.0,528006.0,38.0,40.0,16.0,3.0,1.0,1.0,1.0,3.0,3.0,1.0,2.0,1.0,2.0,4.0,5.0,50.0,7.0,2.0,3.9,3.0,1.0,2208.0,0.0,0.0,1.0
88,2.0,1.0,529703.0,39.0,64.0,40.0,1.0,1.0,5.0,1.0,3.0,3.0,2.0,2.0,1.0,2.0,3.0,3.0,42.0,7.5,2.0,2.3,1.0,2.0,5000.0,0.0,0.0,1.0
89,2.0,1.0,535381.0,38.3,42.0,10.0,1.0,1.0,1.0,1.0,1.0,1.0,1.0,2.0,1.0,2.0,4.0,5.0,38.0,61.0,2.0,2.0,1.0,2.0,0.0,0.0,0.0,2.0
90,2.0,1.0,534197.0,38.0,52.0,16.0,3.0,1.0,1.0,1.0,2.0,3.0,1.0,2.0,3.0,1.0,1.0,1.0,53.0,86.0,2.0,2.0,1.0,1.0,2322.0,0.0,0.0,2.0
91,2.0,1.0,529461.0,40.3,114.0,36.0,3.0,3.0,1.0,2.0,2.0,3.0,3.0,2.0,1.0,7.0,1.0,5.0,57.0,8.1,3.0,4.5,2.0,1.0,3205.0,0.0,0.0,1.0
92,2.0,1.0,530251.0,38.8,50.0,20.0,3.0,1.0,1.0,1.0,1.0,1.0,1.0,2.0,1.0,2.0,3.0,1.0,42.0,6.2,2.0,2.0,1.0,2.0,0.0,0.0,0.0,2.0
93,2.0,1.0,530310.0,38.0,48.0,20.0,3.0,3.0,1.0,1.0,5.0,3.0,3.0,1.0,1.0,2.0,4.0,5.0,38.0,6.5,2.0,2.0,2.0,1.0,3205.0,0.0,0.0,2.0
94,2.0,1.0,528729.0,37.5,48.0,30.0,4.0,1.0,3.0,1.0,3.0,2.0,1.0,1.0,1.0,2.0,1.0,1.0,48.0,8.6,2.0,2.0,1.0,2.0,0.0,0.0,0.0,2.0
95,1.0,1.0,535158.0,37.3,48.0,20.0,3.0,1.0,2.0,1.0,3.0,3.0,3.0,2.0,1.0,2.0,3.0,5.0,41.0,69.0,2.0,2.0,1.0,1.0,3205.0,0.0,0.0,2.0
96,2.0,1.0,530319.0,38.0,84.0,36.0,3.0,1.0,3.0,1.0,3.0,3.0,1.0,2.0,1.0,2.0,3.0,2.0,44.0,8.5,2.0,2.0,1.0,1.0,3111.0,0.0,0.0,2.0
97,1.0,1.0,534145.0,38.1,88.0,32.0,3.0,3.0,4.0,1.0,2.0,3.0,3.0,2.0,3.0,1.0,4.0,5.0,55.0,60.0,2.0,2.0,3.0,2.0,3205.0,0.0,0.0,2.0
98,2.0,1.0,534135.0,37.7,44.0,40.0,2.0,1.0,3.0,1.0,1.0,3.0,2.0,1.0,1.0,2.0,1.0,5.0,41.0,60.0,2.0,2.0,1.0,2.0,0.0,0.0,0.0,2.0
99,2.0,1.0,530002.0,39.6,108.0,51.0,3.0,3.0,6.0,2.0,2.0,4.0,3.0,1.0,2.0,2.0,3.0,5.0,59.0,8.0,2.0,2.6,1.0,2.0,4300.0,0.0,0.0,1.0
100,1.0,1.0,535364.0,38.2,40.0,16.0,3.0,3.0,1.0,1.0,1.0,3.0,1.0,2.0,1.0,2.0,1.0,1.0,34.0,66.0,2.0,2.0,1.0,2.0,0.0,0.0,0.0,2.0
101,1.0,1.0,534899.0,38.0,60.0,20.0,4.0,3.0,4.0,2.0,5.0,4.0,1.0,2.0,1.0,2.0,4.0,5.0,37.0,7.5,2.0,2.0,3.0,1.0,3205.0,0.0,0.0,2.0
102,2.0,1.0,534938.0,38.3,40.0,16.0,3.0,1.0,1.0,1.0,2.0,3.0,1.0,2.0,1.0,2.0,4.0,5.0,37.0,57.0,2.0,2.0,1.0,2.0,0.0,0.0,0.0,2.0
103,1.0,9.0,5292489.0,38.0,140.0,68.0,1.0,1.0,1.0,1.0,3.0,3.0,2.0,2.0,1.0,2.0,2.0,1.0,39.0,5.3,2.0,2.0,1.0,1.0,7111.0,0.0,0.0,2.0
104,1.0,1.0,527563.0,37.8,52.0,24.0,1.0,3.0,3.0,1.0,4.0,4.0,1.0,2.0,3.0,5.7,2.0,5.0,48.0,6.6,1.0,3.7,2.0,1.0,5400.0,0.0,0.0,2.0
105,1.0,1.0,530381.0,38.0,70.0,36.0,1.0,1.0,3.0,2.0,2.0,3.0,2.0,2.0,1.0,2.0,4.0,5.0,36.0,7.3,2.0,2.0,1.0,1.0,31110.0,0.0,0.0,2.0
106,1.0,1.0,528668.0,38.3,52.0,96.0,3.0,3.0,3.0,1.0,3.0,3.0,1.0,1.0,1.0,2.0,1.0,5.0,43.0,6.1,2.0,2.0,1.0,1.0,3209.0,0.0,0.0,1.0
107,2.0,1.0,529764.0,37.3,50.0,32.0,1.0,1.0,3.0,1.0,1.0,3.0,2.0,2.0,1.0,2.0,1.0,5.0,44.0,7.0,2.0,2.0,1.0,2.0,0.0,0.0,0.0,2.0
108,1.0,1.0,533696.0,38.7,60.0,32.0,4.0,3.0,2.0,2.0,4.0,4.0,4.0,2.0,1.0,2.0,4.0,5.0,53.0,64.0,3.0,2.0,3.0,1.0,3205.0,0.0,0.0,2.0
109,1.0,9.0,5297379.0,38.4,84.0,40.0,3.0,3.0,2.0,1.0,3.0,3.0,3.0,1.0,1.0,2.0,4.0,5.0,36.0,6.6,2.0,2.8,2.0,1.0,2205.0,0.0,0.0,1.0
110,1.0,1.0,527544.0,38.0,70.0,16.0,3.0,4.0,5.0,2.0,2.0,3.0,2.0,2.0,1.0,2.0,4.0,5.0,60.0,7.5,2.0,2.0,2.0,1.0,2112.0,0.0,0.0,2.0
111,1.0,1.0,533736.0,38.3,40.0,16.0,3.0,1.0,1.0,1.0,1.0,3.0,2.0,2.0,1.0,2.0,4.0,5.0,38.0,58.0,1.0,2.0,1.0,1.0,3111.0,7111.0,0.0,2.0
112,1.0,1.0,534963.0,38.0,40.0,20.0,2.0,1.0,1.0,1.0,1.0,3.0,1.0,1.0,1.0,2.0,4.0,5.0,39.0,56.0,2.0,2.0,1.0,1.0,3111.0,0.0,0.0,2.0
113,1.0,1.0,527933.0,36.8,60.0,28.0,3.0,1.0,1.0,1.0,3.0,3.0,1.0,2.0,1.0,2.0,4.0,5.0,37.0,7.5,2.0,10.0,2.0,1.0,3205.0,0.0,0.0,1.0
114,1.0,1.0,532349.0,38.4,44.0,24.0,3.0,1.0,4.0,1.0,5.0,4.0,3.0,2.0,1.0,2.0,4.0,5.0,50.0,77.0,2.0,2.0,1.0,1.0,3205.0,0.0,0.0,2.0
115,2.0,1.0,533723.0,38.0,48.0,40.0,3.0,1.0,1.0,1.0,3.0,3.0,2.0,2.0,1.0,2.0,4.0,5.0,45.0,70.0,2.0,2.0,1.0,2.0,0.0,0.0,0.0,2.0
116,1.0,1.0,535208.0,38.0,44.0,12.0,1.0,1.0,1.0,1.0,3.0,3.0,3.0,2.0,1.0,2.0,4.0,5.0,42.0,65.0,2.0,2.0,1.0,1.0,3205.0,3111.0,0.0,2.0
117,2.0,1.0,5290482.0,39.5,48.0,20.0,3.0,3.0,4.0,2.0,3.0,4.0,3.0,2.0,3.0,5.5,4.0,5.0,37.0,6.7,1.0,2.0,3.0,1.0,4205.0,0.0,0.0,2.0
118,1.0,1.0,533983.0,36.5,78.0,30.0,1.0,1.0,1.0,1.0,5.0,3.0,1.0,2.0,1.0,2.0,4.0,5.0,34.0,75.0,2.0,1.0,1.0,1.0,3112.0,6112.0,0.0,2.0
119,2.0,1.0,535166.0,38.1,56.0,20.0,2.0,1.0,2.0,1.0,1.0,3.0,1.0,1.0,1.0,2.0,4.0,5.0,46.0,70.0,2.0,2.0,1.0,2.0,0.0,0.0,0.0,2.0
120,1.0,1.0,528682.0,39.4,54.0,66.0,1.0,1.0,2.0,1.0,2.0,3.0,2.0,1.0,1.0,2.0,3.0,4.0,39.0,6.0,2.0,2.0,1.0,1.0,2206.0,0.0,0.0,1.0
121,1.0,1.0,534556.0,38.3,80.0,40.0,3.0,1.0,6.0,2.0,4.0,3.0,1.0,2.0,2.0,2.0,1.0,4.0,67.0,10.2,2.0,1.0,3.0,1.0,2208.0,0.0,0.0,2.0
122,2.0,1.0,534579.0,38.7,40.0,28.0,2.0,1.0,1.0,1.0,3.0,1.0,1.0,2.0,1.0,2.0,1.0,5.0,39.0,62.0,1.0,1.0,1.0,2.0,0.0,0.0,0.0,2.0
123,1.0,1.0,530360.0,38.2,64.0,24.0,1.0,1.0,3.0,1.0,4.0,4.0,3.0,2.0,1.0,2.0,4.0,4.0,45.0,7.5,1.0,2.0,2.0,1.0,3205.0,0.0,0.0,1.0
124,2.0,1.0,529840.0,37.6,48.0,20.0,3.0,1.0,4.0,1.0,1.0,1.0,3.0,2.0,1.0,2.0,1.0,1.0,37.0,5.5,2.0,2.0,3.0,1.0,2205.0,0.0,0.0,2.0
125,1.0,1.0,528461.0,38.0,42.0,68.0,4.0,1.0,1.0,1.0,3.0,3.0,2.0,2.0,2.0,2.0,4.0,4.0,41.0,7.6,2.0,2.0,1.0,1.0,2205.0,0.0,0.0,2.0
126,1.0,1.0,530384.0,38.7,48.0,20.0,3.0,1.0,3.0,1.0,5.0,4.0,2.0,2.0,1.0,2.0,4.0,5.0,33.0,6.5,2.0,2.0,1.0,1.0,31110.0,0.0,0.0,2.0
127,1.0,1.0,5262541.0,37.4,50.0,32.0,3.0,3.0,1.0,1.0,4.0,4.0,1.0,2.0,1.0,2.0,1.0,5.0,45.0,7.9,2.0,1.0,1.0,1.0,2208.0,0.0,0.0,1.0
128,1.0,1.0,535330.0,37.4,84.0,20.0,3.0,1.0,3.0,1.0,2.0,3.0,3.0,2.0,1.0,2.0,4.0,5.0,31.0,61.0,2.0,1.0,3.0,2.0,2208.0,0.0,0.0,2.0
129,1.0,1.0,527698.0,38.4,49.0,20.0,3.0,1.0,1.0,1.0,3.0,3.0,1.0,2.0,1.0,2.0,4.0,5.0,44.0,7.6,2.0,2.0,1.0,1.0,2206.0,0.0,0.0,2.0
130,1.0,1.0,528964.0,37.8,30.0,12.0,3.0,1.0,1.0,1.0,3.0,3.0,1.0,2.0,1.0,2.0,4.0,5.0,37.0,7.5,2.0,2.0,2.0,1.0,2113.0,0.0,0.0,2.0
131,2.0,1.0,530670.0,37.6,88.0,36.0,3.0,1.0,1.0,1.0,3.0,3.0,2.0,1.0,3.0,1.5,4.0,5.0,44.0,6.0,2.0,2.0,2.0,1.0,1400.0,0.0,0.0,2.0
132,1.0,1.0,534572.0,38.0,48.0,20.0,3.0,1.0,3.0,1.0,4.0,3.0,1.0,2.0,1.0,2.0,3.0,5.0,43.0,73.0,2.0,1.0,1.0,1.0,3111.0,0.0,0.0,2.0
133,2.0,1.0,530294.0,37.9,40.0,24.0,1.0,1.0,1.0,1.0,2.0,3.0,1.0,2.0,1.0,2.0,4.0,3.0,40.0,5.7,2.0,2.0,1.0,1.0,400.0,0.0,0.0,2.0
134,1.0,1.0,527524.0,38.0,100.0,20.0,3.0,1.0,4.0,2.0,5.0,4.0,1.0,2.0,1.0,2.0,2.0,5.0,59.0,6.3,2.0,2.0,2.0,1.0,4205.0,0.0,0.0,2.0
135,1.0,9.0,5287179.0,38.1,136.0,48.0,3.0,3.0,3.0,1.0,5.0,1.0,3.0,2.0,2.0,4.4,2.0,5.0,33.0,4.9,2.0,2.9,2.0,1.0,2205.0,0.0,0.0,1.0
136,1.0,1.0,530693.0,38.0,48.0,20.0,3.0,3.0,3.0,2.0,5.0,3.0,3.0,3.0,2.0,2.0,4.0,5.0,46.0,5.9,2.0,2.0,2.0,1.0,3025.0,0.0,0.0,2.0
137,1.0,1.0,534324.0,38.0,48.0,20.0,1.0,1.0,1.0,1.0,1.0,2.0,4.0,2.0,2.0,2.0,4.0,5.0,37.0,7.5,2.0,2.0,1.0,1.0,3111.0,0.0,0.0,2.0
138,2.0,1.0,532349.0,38.0,56.0,20.0,1.0,2.0,3.0,1.0,1.0,1.0,1.0,1.0,1.0,2.0,1.0,1.0,42.0,71.0,2.0,2.0,1.0,2.0,0.0,0.0,0.0,2.0
139,2.0,1.0,534491.0,38.0,60.0,32.0,1.0,1.0,1.0,1.0,3.0,3.0,1.0,1.0,1.0,2.0,4.0,5.0,50.0,7.0,1.0,1.0,1.0,2.0,0.0,0.0,0.0,2.0
140,1.0,1.0,529960.0,38.1,44.0,9.0,3.0,1.0,1.0,1.0,2.0,2.0,1.0,1.0,1.0,2.0,4.0,5.0,31.0,7.3,2.0,2.0,1.0,2.0,5124.0,0.0,0.0,2.0
141,2.0,1.0,522979.0,36.0,42.0,30.0,3.0,1.0,5.0,1.0,3.0,3.0,1.0,2.0,1.0,2.0,4.0,5.0,64.0,6.8,2.0,2.0,2.0,2.0,1400.0,0.0,0.0,2.0
142,1.0,1.0,530402.0,38.0,120.0,20.0,4.0,3.0,6.0,2.0,5.0,4.0,4.0,2.0,1.0,2.0,4.0,5.0,57.0,4.5,3.0,3.9,2.0,1.0,3205.0,0.0,0.0,1.0
143,1.0,1.0,529424.0,37.8,48.0,28.0,1.0,1.0,1.0,2.0,1.0,2.0,1.0,2.0,1.0,2.0,1.0,1.0,46.0,5.9,2.0,7.0,1.0,2.0,0.0,0.0,0.0,1.0
144,1.0,1.0,534519.0,37.1,84.0,40.0,3.0,3.0,6.0,1.0,2.0,4.0,4.0,3.0,2.0,2.0,4.0,5.0,75.0,81.0,2.0,2.0,3.0,2.0,1400.0,0.0,0.0,2.0
145,2.0,1.0,535246.0,38.0,80.0,32.0,3.0,3.0,2.0,1.0,2.0,3.0,3.0,2.0,1.0,2.0,3.0,5.0,50.0,80.0,2.0,2.0,1.0,1.0,0.0,0.0,0.0,2.0
146,1.0,1.0,534115.0,38.2,48.0,20.0,1.0,3.0,3.0,1.0,3.0,4.0,4.0,1.0,3.0,2.0,4.0,5.0,42.0,71.0,2.0,2.0,1.0,1.0,3111.0,0.0,0.0,2.0
147,2.0,1.0,530001.0,38.0,44.0,12.0,2.0,1.0,3.0,1.0,3.0,4.0,3.0,1.0,2.0,6.5,1.0,4.0,33.0,6.5,2.0,2.0,2.0,1.0,2209.0,0.0,0.0,2.0
148,1.0,1.0,529272.0,38.3,132.0,20.0,3.0,3.0,6.0,2.0,2.0,4.0,2.0,2.0,3.0,6.2,4.0,4.0,57.0,8.0,2.0,5.2,1.0,1.0,2112.0,0.0,0.0,1.0
149,2.0,1.0,535314.0,38.7,48.0,24.0,3.0,1.0,1.0,1.0,1.0,1.0,1.0,1.0,1.0,2.0,1.0,5.0,34.0,63.0,2.0,2.0,1.0,2.0,0.0,0.0,0.0,2.0
150,2.0,1.0,533793.0,38.9,44.0,14.0,3.0,1.0,1.0,1.0,2.0,3.0,2.0,2.0,1.0,2.0,4.0,2.0,33.0,64.0,2.0,2.0,1.0,2.0,0.0,0.0,0.0,2.0
151,1.0,1.0,529399.0,39.3,48.0,20.0,4.0,3.0,6.0,2.0,4.0,4.0,2.0,1.0,3.0,4.0,4.0,4.0,75.0,7.5,3.0,4.3,2.0,1.0,2207.0,0.0,0.0,1.0
152,1.0,1.0,533836.0,38.0,100.0,20.0,3.0,3.0,4.0,2.0,3.0,4.0,4.0,2.0,1.0,2.0,4.0,5.0,68.0,64.0,3.0,2.0,1.0,1.0,2209.0,0.0,0.0,2.0
153,2.0,1.0,528804.0,38.6,48.0,20.0,3.0,1.0,1.0,1.0,1.0,3.0,2.0,2.0,1.0,2.0,3.0,2.0,50.0,7.3,1.0,2.0,1.0,2.0,3111.0,0.0,0.0,1.0
154,2.0,1.0,535163.0,38.8,48.0,40.0,1.0,1.0,3.0,1.0,3.0,3.0,4.0,2.0,1.0,2.0,4.0,5.0,41.0,65.0,2.0,2.0,1.0,1.0,4124.0,0.0,0.0,2.0
155,2.0,1.0,528247.0,38.0,48.0,20.0,3.0,3.0,4.0,1.0,1.0,4.0,2.0,2.0,1.0,5.0,4.0,2.0,49.0,8.3,1.0,2.0,1.0,2.0,400.0,0.0,0.0,1.0
156,2.0,1.0,528996.0,38.6,52.0,20.0,1.0,1.0,1.0,1.0,3.0,3.0,2.0,1.0,1.0,2.0,1.0,3.0,36.0,6.6,1.0,5.0,1.0,2.0,0.0,0.0,0.0,1.0
157,1.0,1.0,533928.0,37.8,60.0,24.0,1.0,1.0,3.0,2.0,3.0,4.0,4.0,2.0,3.0,2.0,4.0,5.0,52.0,75.0,2.0,2.0,3.0,1.0,2205.0,0.0,0.0,2.0
158,2.0,1.0,528248.0,38.0,42.0,40.0,3.0,1.0,1.0,1.0,3.0,3.0,1.0,2.0,1.0,2.0,4.0,5.0,37.0,7.5,2.0,2.0,1.0,2.0,3111.0,0.0,0.0,2.0
159,2.0,1.0,528134.0,38.0,48.0,12.0,1.0,1.0,2.0,1.0,2.0,1.0,2.0,3.0,1.0,2.0,1.0,3.0,44.0,7.5,2.0,2.0,1.0,2.0,0.0,0.0,0.0,1.0
160,1.0,1.0,527916.0,38.0,48.0,20.0,3.0,1.0,1.0,1.0,4.0,3.0,1.0,1.0,1.0,2.0,4.0,5.0,35.0,58.0,2.0,1.0,1.0,1.0,4205.0,0.0,0.0,2.0
161,1.0,1.0,530431.0,38.3,42.0,24.0,3.0,1.0,1.0,1.0,3.0,3.0,1.0,2.0,1.0,2.0,4.0,5.0,40.0,8.5,2.0,2.0,2.0,1.0,7113.0,0.0,0.0,2.0
162,2.0,1.0,535176.0,39.5,60.0,10.0,3.0,1.0,1.0,2.0,3.0,3.0,2.0,2.0,1.0,2.0,3.0,5.0,38.0,56.0,1.0,2.0,1.0,2.0,0.0,0.0,0.0,2.0
163,1.0,1.0,533942.0,38.0,66.0,20.0,1.0,3.0,3.0,1.0,5.0,3.0,1.0,1.0,1.0,2.0,3.0,5.0,46.0,46.0,3.0,2.0,3.0,1.0,6209.0,0.0,0.0,2.0
164,1.0,1.0,528523.0,38.7,76.0,20.0,1.0,1.0,5.0,2.0,3.0,3.0,2.0,2.0,2.0,2.0,4.0,4.0,50.0,8.0,2.0,2.0,1.0,1.0,2208.0,0.0,0.0,1.0
165,1.0,1.0,534925.0,39.4,120.0,48.0,3.0,1.0,5.0,1.0,3.0,3.0,3.0,1.0,1.0,2.0,4.0,5.0,56.0,64.0,1.0,2.0,3.0,2.0,1400.0,0.0,0.0,2.0
166,1.0,1.0,527916.0,38.3,40.0,18.0,1.0,1.0,1.0,1.0,3.0,1.0,1.0,2.0,1.0,2.0,2.0,1.0,43.0,5.9,1.0,2.0,1.0,2.0,0.0,0.0,0.0,1.0
167,2.0,1.0,528299.0,38.0,44.0,24.0,1.0,1.0,1.0,1.0,3.0,3.0,1.0,2.0,1.0,2.0,4.0,1.0,37.0,6.3,2.0,2.0,1.0,2.0,3111.0,0.0,0.0,2.0
168,1.0,1.0,530254.0,38.4,104.0,40.0,1.0,1.0,3.0,1.0,2.0,4.0,2.0,2.0,3.0,6.5,4.0,4.0,55.0,8.5,2.0,2.0,1.0,1.0,2124.0,0.0,0.0,2.0
169,1.0,1.0,535085.0,38.0,65.0,24.0,3.0,1.0,1.0,2.0,5.0,3.0,4.0,3.0,1.0,2.0,4.0,5.0,37.0,7.5,2.0,2.0,3.0,1.0,3205.0,0.0,0.0,2.0
170,2.0,1.0,532985.0,37.5,44.0,20.0,1.0,1.0,3.0,1.0,3.0,1.0,1.0,2.0,1.0,2.0,1.0,5.0,35.0,7.2,2.0,2.0,1.0,2.0,0.0,0.0,0.0,2.0
171,2.0,1.0,527677.0,39.0,86.0,16.0,3.0,3.0,5.0,1.0,3.0,3.0,3.0,2.0,2.0,2.0,4.0,5.0,68.0,5.8,3.0,6.0,2.0,1.0,5400.0,0.0,0.0,1.0
172,1.0,1.0,535292.0,38.5,129.0,48.0,3.0,3.0,3.0,1.0,2.0,4.0,3.0,1.0,3.0,2.0,4.0,5.0,57.0,66.0,3.0,2.0,1.0,1.0,2206.0,0.0,0.0,2.0
173,1.0,1.0,529729.0,38.0,104.0,20.0,3.0,3.0,5.0,2.0,2.0,4.0,3.0,2.0,3.0,2.0,4.0,4.0,69.0,8.6,2.0,3.4,2.0,1.0,2207.0,0.0,0.0,1.0
174,2.0,1.0,518476.0,38.0,48.0,20.0,3.0,4.0,6.0,1.0,4.0,3.0,4.0,2.0,1.0,2.0,4.0,5.0,37.0,7.5,2.0,2.0,2.0,1.0,3400.0,0.0,0.0,1.0
175,1.0,1.0,527929.0,38.0,48.0,20.0,3.0,1.0,1.0,1.0,3.0,3.0,1.0,2.0,1.0,2.0,4.0,5.0,37.0,7.5,2.0,2.0,1.0,1.0,2208.0,0.0,0.0,2.0
176,1.0,1.0,535130.0,38.2,60.0,30.0,1.0,1.0,3.0,1.0,3.0,3.0,1.0,2.0,1.0,2.0,3.0,2.0,48.0,66.0,2.0,2.0,1.0,1.0,6112.0,0.0,0.0,2.0
177,1.0,1.0,523190.0,38.0,68.0,14.0,3.0,1.0,4.0,1.0,4.0,3.0,1.0,2.0,1.0,4.3,4.0,5.0,37.0,7.5,2.0,2.8,2.0,1.0,4205.0,0.0,0.0,1.0
178,1.0,1.0,533968.0,38.0,60.0,30.0,3.0,3.0,4.0,2.0,5.0,4.0,4.0,1.0,1.0,2.0,4.0,5.0,45.0,70.0,3.0,2.0,1.0,1.0,6111.0,3111.0,0.0,2.0
179,2.0,1.0,528151.0,38.5,100.0,20.0,3.0,3.0,5.0,2.0,4.0,3.0,4.0,2.0,1.0,2.0,4.0,5.0,37.0,7.5,2.0,2.0,3.0,2.0,1111.0,0.0,0.0,1.0
180,1.0,1.0,530239.0,38.4,84.0,30.0,3.0,1.0,5.0,2.0,4.0,3.0,3.0,2.0,3.0,6.5,4.0,4.0,47.0,7.5,3.0,2.0,2.0,1.0,2300.0,0.0,0.0,2.0
181,2.0,1.0,528305.0,37.8,48.0,14.0,3.0,1.0,1.0,1.0,3.0,3.0,2.0,1.0,3.0,5.3,1.0,5.0,35.0,7.5,2.0,2.0,1.0,2.0,3111.0,0.0,0.0,1.0
182,1.0,1.0,5279822.0,38.0,48.0,24.0,3.0,3.0,6.0,2.0,5.0,3.0,4.0,1.0,1.0,2.0,4.0,5.0,68.0,7.8,2.0,2.0,2.0,1.0,2205.0,0.0,0.0,2.0
183,2.0,1.0,534857.0,37.8,56.0,16.0,1.0,1.0,2.0,1.0,2.0,1.0,1.0,2.0,1.0,2.0,1.0,5.0,44.0,68.0,1.0,1.0,1.0,2.0,0.0,0.0,0.0,2.0
184,2.0,1.0,534053.0,38.2,68.0,32.0,2.0,2.0,2.0,1.0,1.0,1.0,1.0,3.0,1.0,2.0,1.0,1.0,43.0,65.0,2.0,2.0,1.0,2.0,0.0,0.0,0.0,2.0
185,1.0,1.0,534833.0,38.5,120.0,60.0,4.0,3.0,6.0,2.0,3.0,3.0,1.0,2.0,1.0,2.0,4.0,5.0,54.0,7.5,2.0,2.0,1.0,1.0,5400.0,0.0,0.0,2.0
186,1.0,1.0,5278331.0,39.3,64.0,90.0,2.0,3.0,1.0,1.0,3.0,3.0,1.0,1.0,2.0,2.0,4.0,5.0,39.0,6.7,2.0,2.0,1.0,1.0,21110.0,0.0,0.0,2.0
187,1.0,1.0,527365.0,38.4,80.0,30.0,4.0,3.0,1.0,1.0,3.0,3.0,3.0,3.0,3.0,2.0,4.0,5.0,32.0,6.1,3.0,4.3,1.0,1.0,7209.0,0.0,0.0,1.0
188,1.0,1.0,533887.0,38.5,60.0,20.0,1.0,1.0,1.0,1.0,3.0,1.0,1.0,2.0,1.0,2.0,4.0,5.0,33.0,53.0,1.0,2.0,1.0,1.0,4111.0,0.0,0.0,2.0
189,1.0,1.0,5299603.0,38.3,60.0,16.0,3.0,1.0,1.0,1.0,2.0,1.0,1.0,2.0,2.0,3.0,1.0,4.0,30.0,6.0,1.0,3.0,1.0,1.0,31110.0,0.0,0.0,2.0
190,1.0,1.0,528742.0,37.1,40.0,8.0,3.0,1.0,4.0,1.0,3.0,3.0,1.0,1.0,1.0,2.0,3.0,3.0,23.0,6.7,3.0,2.0,1.0,1.0,3133.0,0.0,0.0,1.0
191,2.0,9.0,5287279.0,38.0,100.0,44.0,2.0,1.0,1.0,1.0,4.0,1.0,1.0,2.0,1.0,2.0,1.0,5.0,37.0,4.7,2.0,2.0,1.0,2.0,7111.0,0.0,0.0,2.0
192,1.0,1.0,534788.0,38.2,48.0,18.0,1.0,1.0,1.0,1.0,3.0,3.0,3.0,1.0,2.0,2.0,4.0,5.0,48.0,74.0,1.0,2.0,1.0,1.0,5111.0,0.0,0.0,2.0
193,1.0,1.0,529373.0,38.0,60.0,48.0,3.0,3.0,4.0,2.0,4.0,3.0,4.0,2.0,1.0,2.0,4.0,5.0,58.0,7.6,2.0,2.0,2.0,1.0,3205.0,0.0,0.0,2.0
194,2.0,1.0,534163.0,37.9,88.0,24.0,1.0,1.0,2.0,1.0,2.0,2.0,1.0,2.0,1.0,2.0,4.0,1.0,37.0,56.0,2.0,2.0,1.0,2.0,0.0,0.0,0.0,2.0
195,2.0,1.0,533697.0,38.0,44.0,12.0,3.0,1.0,1.0,1.0,3.0,1.0,2.0,2.0,1.0,2.0,1.0,5.0,42.0,64.0,2.0,2.0,1.0,2.0,0.0,0.0,0.0,2.0
196,2.0,1.0,529628.0,38.5,60.0,20.0,1.0,1.0,5.0,2.0,2.0,2.0,1.0,2.0,1.0,2.0,2.0,3.0,63.0,7.5,2.0,2.3,3.0,2.0,300.0,0.0,0.0,1.0
197,2.0,1.0,521399.0,38.5,96.0,36.0,3.0,3.0,1.0,2.0,2.0,4.0,2.0,1.0,2.0,2.0,4.0,5.0,70.0,8.5,2.0,2.0,2.0,1.0,1400.0,0.0,0.0,1.0
198,2.0,1.0,533885.0,38.3,60.0,20.0,1.0,1.0,1.0,2.0,1.0,3.0,1.0,2.0,1.0,2.0,3.0,5.0,34.0,66.0,2.0,2.0,1.0,2.0,0.0,0.0,0.0,2.0
199,2.0,1.0,534157.0,38.5,60.0,40.0,3.0,1.0,2.0,1.0,2.0,1.0,2.0,2.0,1.0,2.0,3.0,2.0,49.0,59.0,2.0,2.0,1.0,2.0,0.0,0.0,0.0,2.0
200,1.0,1.0,528047.0,37.3,48.0,12.0,1.0,1.0,3.0,1.0,3.0,1.0,3.0,2.0,1.0,2.0,3.0,3.0,40.0,6.6,2.0,2.0,1.0,1.0,3205.0,0.0,0.0,1.0
201,1.0,1.0,528641.0,38.5,86.0,20.0,1.0,1.0,3.0,1.0,4.0,4.0,3.0,2.0,1.0,2.0,3.0,5.0,45.0,7.4,1.0,3.4,2.0,1.0,3209.0,0.0,0.0,1.0
202,1.0,1.0,534073.0,37.5,48.0,40.0,3.0,1.0,1.0,1.0,3.0,3.0,1.0,1.0,1.0,2.0,4.0,5.0,41.0,55.0,3.0,2.0,3.0,1.0,2208.0,0.0,0.0,2.0
203,2.0,1.0,529685.0,37.2,36.0,9.0,1.0,1.0,1.0,1.0,2.0,3.0,1.0,2.0,1.0,2.0,4.0,1.0,35.0,5.7,2.0,2.0,1.0,2.0,31110.0,0.0,0.0,2.0
204,1.0,1.0,529528.0,39.2,48.0,23.0,3.0,1.0,3.0,1.0,4.0,4.0,2.0,2.0,1.0,2.0,4.0,5.0,36.0,6.6,1.0,3.0,1.0,1.0,3115.0,0.0,0.0,1.0
205,2.0,1.0,528151.0,38.5,100.0,20.0,3.0,3.0,5.0,2.0,4.0,3.0,4.0,2.0,1.0,2.0,4.0,5.0,37.0,7.5,2.0,2.0,3.0,2.0,4124.0,0.0,0.0,2.0
206,1.0,1.0,535137.0,38.5,96.0,30.0,2.0,3.0,4.0,2.0,4.0,4.0,3.0,2.0,1.0,2.0,3.0,5.0,50.0,65.0,2.0,2.0,1.0,1.0,6111.0,3112.0,0.0,2.0
207,1.0,1.0,530297.0,38.0,48.0,20.0,3.0,1.0,1.0,1.0,3.0,3.0,1.0,2.0,1.0,2.0,4.0,5.0,45.0,8.7,2.0,2.0,2.0,1.0,2208.0,0.0,0.0,2.0
208,1.0,1.0,535338.0,37.8,88.0,80.0,3.0,3.0,5.0,2.0,3.0,3.0,3.0,2.0,3.0,2.0,4.0,5.0,64.0,89.0,2.0,2.0,3.0,1.0,3205.0,0.0,0.0,2.0
209,2.0,1.0,534478.0,37.5,44.0,10.0,3.0,1.0,1.0,1.0,3.0,1.0,2.0,2.0,1.0,2.0,3.0,3.0,43.0,51.0,1.0,1.0,1.0,2.0,0.0,0.0,0.0,2.0
210,1.0,1.0,530401.0,37.9,68.0,20.0,3.0,1.0,2.0,1.0,2.0,4.0,2.0,2.0,1.0,2.0,1.0,5.0,45.0,4.0,3.0,2.8,2.0,1.0,5400.0,0.0,0.0,1.0
211,1.0,1.0,529893.0,38.0,86.0,24.0,4.0,3.0,4.0,1.0,2.0,4.0,4.0,1.0,1.0,2.0,4.0,5.0,45.0,5.5,1.0,10.1,2.0,1.0,3111.0,0.0,0.0,1.0
212,1.0,9.0,5294369.0,38.9,120.0,30.0,1.0,3.0,2.0,2.0,3.0,3.0,3.0,3.0,1.0,3.0,4.0,5.0,47.0,6.3,1.0,2.0,1.0,2.0,2124.0,0.0,0.0,2.0
213,1.0,1.0,528183.0,37.6,45.0,12.0,3.0,1.0,3.0,1.0,3.0,2.0,2.0,2.0,1.0,2.0,1.0,4.0,39.0,7.0,2.0,1.5,1.0,1.0,2112.0,0.0,0.0,1.0
214,2.0,1.0,529183.0,38.6,56.0,32.0,2.0,1.0,1.0,1.0,1.0,1.0,1.0,2.0,1.0,2.0,2.0,5.0,40.0,7.0,2.0,2.1,1.0,2.0,0.0,0.0,0.0,1.0
215,1.0,1.0,529135.0,37.8,40.0,12.0,1.0,1.0,1.0,1.0,1.0,2.0,1.0,2.0,1.0,2.0,1.0,2.0,38.0,7.0,2.0,2.0,1.0,1.0,3111.0,0.0,0.0,2.0
216,2.0,1.0,528977.0,38.0,48.0,20.0,3.0,1.0,1.0,1.0,3.0,3.0,1.0,2.0,1.0,2.0,4.0,5.0,37.0,7.5,2.0,2.0,1.0,2.0,0.0,0.0,0.0,2.0
217,1.0,1.0,5279441.0,38.0,76.0,18.0,3.0,1.0,1.0,2.0,3.0,3.0,1.0,2.0,1.0,2.0,4.0,5.0,71.0,11.0,2.0,2.0,1.0,1.0,2209.0,0.0,0.0,1.0
218,1.0,1.0,535240.0,38.1,40.0,36.0,1.0,2.0,2.0,1.0,2.0,2.0,1.0,2.0,1.0,2.0,4.0,5.0,37.0,7.5,2.0,2.0,3.0,1.0,3112.0,0.0,0.0,2.0
219,1.0,1.0,529736.0,38.0,52.0,28.0,3.0,3.0,4.0,1.0,3.0,4.0,3.0,2.0,1.0,2.0,4.0,4.0,37.0,8.1,2.0,2.0,1.0,1.0,2111.0,0.0,0.0,2.0
220,1.0,1.0,535029.0,39.2,88.0,58.0,4.0,4.0,1.0,2.0,5.0,4.0,1.0,2.0,1.0,2.0,4.0,5.0,37.0,7.5,2.0,2.0,3.0,2.0,3205.0,0.0,0.0,2.0
221,1.0,1.0,535031.0,38.5,92.0,40.0,4.0,3.0,1.0,1.0,2.0,4.0,3.0,2.0,1.0,2.0,4.0,5.0,46.0,67.0,2.0,2.0,1.0,1.0,2208.0,0.0,0.0,2.0
222,1.0,1.0,528800.0,38.0,112.0,13.0,4.0,4.0,4.0,1.0,2.0,3.0,1.0,2.0,1.0,4.5,4.0,4.0,60.0,6.3,3.0,2.0,1.0,1.0,2205.0,0.0,0.0,1.0
223,1.0,1.0,528178.0,37.7,66.0,12.0,1.0,1.0,3.0,1.0,3.0,3.0,2.0,2.0,1.0,2.0,4.0,4.0,31.5,6.2,2.0,1.6,1.0,1.0,2208.0,0.0,0.0,1.0
224,1.0,1.0,535392.0,38.8,50.0,14.0,1.0,1.0,1.0,1.0,3.0,1.0,1.0,1.0,1.0,2.0,3.0,5.0,38.0,58.0,2.0,2.0,1.0,1.0,3111.0,0.0,0.0,2.0
225,2.0,1.0,528931.0,38.4,54.0,24.0,1.0,1.0,1.0,1.0,1.0,3.0,1.0,2.0,1.0,2.0,3.0,2.0,49.0,7.2,1.0,8.0,1.0,2.0,3111.0,0.0,0.0,1.0
226,1.0,1.0,528503.0,39.2,120.0,20.0,4.0,3.0,5.0,2.0,2.0,3.0,3.0,1.0,3.0,2.0,4.0,4.0,60.0,8.8,3.0,2.0,2.0,1.0,2205.0,0.0,0.0,2.0
227,1.0,9.0,5289419.0,38.0,48.0,20.0,3.0,1.0,1.0,1.0,3.0,3.0,1.0,2.0,1.0,2.0,4.0,5.0,45.0,6.5,2.0,2.0,1.0,1.0,9000.0,0.0,0.0,1.0
228,1.0,1.0,535196.0,37.3,90.0,40.0,3.0,1.0,6.0,2.0,5.0,4.0,3.0,2.0,2.0,2.0,1.0,5.0,65.0,50.0,3.0,2.0,3.0,1.0,3205.0,0.0,0.0,2.0
229,1.0,9.0,534597.0,38.5,120.0,70.0,3.0,1.0,1.0,1.0,3.0,1.0,1.0,2.0,1.0,2.0,1.0,5.0,35.0,54.0,1.0,1.0,1.0,1.0,4205.0,3111.0,2209.0,2.0
230,1.0,1.0,534280.0,38.5,104.0,40.0,3.0,3.0,1.0,1.0,4.0,3.0,4.0,2.0,1.0,2.0,4.0,5.0,37.0,7.5,2.0,2.0,1.0,1.0,2124.0,0.0,0.0,2.0
231,2.0,1.0,530028.0,39.5,92.0,28.0,3.0,3.0,6.0,1.0,5.0,4.0,1.0,2.0,3.0,2.0,4.0,5.0,72.0,6.4,2.0,3.6,2.0,2.0,3300.0,0.0,0.0,2.0
232,1.0,1.0,5262543.0,38.5,30.0,18.0,3.0,1.0,1.0,1.0,3.0,3.0,1.0,2.0,1.0,2.0,4.0,5.0,40.0,7.7,2.0,2.0,1.0,1.0,2113.0,0.0,0.0,2.0
233,1.0,1.0,530526.0,38.3,72.0,30.0,4.0,3.0,3.0,2.0,3.0,3.0,3.0,2.0,1.0,2.0,3.0,5.0,43.0,7.0,2.0,3.9,1.0,1.0,3113.0,0.0,0.0,1.0
234,2.0,1.0,528729.0,37.5,48.0,30.0,4.0,1.0,3.0,1.0,3.0,2.0,1.0,1.0,1.0,2.0,1.0,1.0,48.0,8.6,2.0,2.0,1.0,2.0,400.0,0.0,0.0,2.0
235,1.0,1.0,528469.0,38.1,52.0,24.0,1.0,1.0,5.0,1.0,4.0,3.0,1.0,2.0,3.0,7.0,1.0,5.0,54.0,7.5,2.0,2.6,2.0,1.0,2206.0,0.0,0.0,1.0
236,2.0,1.0,528179.0,38.2,42.0,26.0,1.0,1.0,1.0,1.0,3.0,1.0,2.0,2.0,1.0,2.0,1.0,5.0,36.0,6.9,2.0,2.0,1.0,2.0,3111.0,0.0,0.0,2.0
237,2.0,1.0,533750.0,37.9,54.0,42.0,2.0,1.0,5.0,1.0,3.0,1.0,1.0,2.0,1.0,2.0,4.0,2.0,47.0,54.0,3.0,1.0,1.0,2.0,0.0,0.0,0.0,2.0
238,2.0,1.0,528702.0,36.1,88.0,20.0,3.0,3.0,3.0,1.0,3.0,3.0,2.0,2.0,3.0,2.0,4.0,4.0,45.0,7.0,3.0,4.8,3.0,1.0,2209.0,0.0,0.0,1.0
239,1.0,1.0,534183.0,38.1,70.0,22.0,3.0,1.0,1.0,1.0,5.0,3.0,1.0,2.0,1.0,2.0,4.0,5.0,36.0,65.0,2.0,2.0,3.0,1.0,3205.0,0.0,0.0,2.0
240,1.0,1.0,529160.0,38.0,90.0,30.0,4.0,3.0,4.0,2.0,5.0,4.0,4.0,2.0,1.0,2.0,4.0,5.0,55.0,6.1,2.0,2.0,2.0,1.0,3205.0,0.0,0.0,2.0
241,1.0,1.0,529045.0,38.2,52.0,16.0,1.0,1.0,2.0,1.0,1.0,2.0,1.0,1.0,1.0,2.0,1.0,5.0,43.0,8.1,2.0,2.0,1.0,2.0,0.0,0.0,0.0,1.0
242,1.0,1.0,530354.0,38.0,36.0,32.0,1.0,1.0,4.0,1.0,5.0,3.0,3.0,2.0,3.0,4.0,4.0,4.0,41.0,5.9,2.0,2.0,2.0,1.0,2205.0,0.0,0.0,2.0
243,1.0,1.0,5281091.0,38.4,92.0,20.0,1.0,1.0,1.0,2.0,3.0,3.0,3.0,2.0,1.0,2.0,1.0,5.0,37.0,7.5,2.0,2.0,1.0,1.0,2208.0,0.0,0.0,1.0
244,1.0,9.0,5291409.0,38.2,124.0,88.0,1.0,3.0,2.0,1.0,2.0,3.0,4.0,2.0,1.0,2.0,4.0,5.0,47.0,8.0,1.0,2.0,1.0,1.0,9400.0,0.0,0.0,1.0
245,2.0,1.0,528904.0,38.0,96.0,20.0,3.0,3.0,3.0,2.0,5.0,4.0,4.0,2.0,1.0,2.0,4.0,5.0,60.0,7.5,2.0,2.0,2.0,1.0,41110.0,0.0,0.0,2.0
246,1.0,1.0,530366.0,37.6,68.0,32.0,3.0,1.0,3.0,1.0,4.0,2.0,4.0,2.0,2.0,6.5,1.0,5.0,47.0,7.2,1.0,2.0,1.0,1.0,3209.0,0.0,0.0,2.0
247,1.0,1.0,530170.0,38.1,88.0,24.0,3.0,3.0,4.0,1.0,5.0,4.0,3.0,2.0,1.0,2.0,3.0,4.0,41.0,4.6,2.0,2.0,2.0,1.0,2209.0,0.0,0.0,2.0
248,1.0,1.0,527709.0,38.0,108.0,60.0,2.0,3.0,4.0,1.0,4.0,3.0,3.0,2.0,1.0,2.0,3.0,4.0,37.0,7.5,3.0,2.0,1.0,1.0,2205.0,0.0,0.0,2.0
249,2.0,1.0,528169.0,38.2,48.0,20.0,2.0,1.0,1.0,2.0,3.0,3.0,1.0,2.0,1.0,2.0,4.0,2.0,34.0,6.6,2.0,2.0,1.0,2.0,3111.0,0.0,0.0,2.0
250,1.0,1.0,535043.0,39.3,100.0,51.0,4.0,4.0,6.0,1.0,2.0,4.0,1.0,1.0,3.0,2.0,4.0,4.0,66.0,13.0,3.0,2.0,3.0,1.0,2113.0,0.0,0.0,2.0
251,2.0,1.0,527940.0,36.6,42.0,18.0,3.0,3.0,2.0,1.0,1.0,4.0,1.0,1.0,1.0,2.0,4.0,5.0,52.0,7.1,2.0,2.0,2.0,1.0,5111.0,0.0,0.0,2.0
252,1.0,9.0,5291719.0,38.8,124.0,36.0,3.0,1.0,2.0,1.0,2.0,3.0,4.0,1.0,1.0,2.0,4.0,4.0,50.0,7.6,3.0,2.0,2.0,1.0,2208.0,0.0,0.0,1.0
253,2.0,1.0,530561.0,38.0,112.0,24.0,3.0,3.0,4.0,2.0,5.0,4.0,2.0,2.0,1.0,2.0,4.0,5.0,40.0,5.3,3.0,2.6,1.0,2.0,400.0,0.0,0.0,1.0
254,1.0,1.0,533738.0,38.0,80.0,20.0,3.0,3.0,3.0,1.0,4.0,4.0,4.0,2.0,1.0,2.0,4.0,5.0,43.0,70.0,2.0,2.0,1.0,1.0,3111.0,0.0,0.0,2.0
255,1.0,9.0,5294539.0,38.8,184.0,84.0,1.0,1.0,1.0,1.0,4.0,1.0,3.0,2.0,1.0,2.0,2.0,5.0,33.0,3.3,2.0,2.0,2.0,1.0,7111.0,0.0,0.0,2.0
256,1.0,1.0,533871.0,37.5,72.0,20.0,2.0,1.0,1.0,1.0,2.0,1.0,1.0,1.0,1.0,2.0,1.0,5.0,35.0,65.0,2.0,2.0,3.0,1.0,7209.0,0.0,0.0,2.0
257,1.0,1.0,529812.0,38.7,96.0,28.0,3.0,3.0,4.0,1.0,3.0,4.0,1.0,2.0,3.0,7.5,4.0,5.0,64.0,9.0,2.0,2.0,2.0,1.0,2205.0,0.0,0.0,1.0
258,2.0,1.0,534719.0,37.5,52.0,12.0,1.0,1.0,1.0,1.0,2.0,3.0,2.0,2.0,1.0,2.0,3.0,5.0,36.0,61.0,1.0,1.0,1.0,2.0,0.0,0.0,0.0,2.0
259,1.0,1.0,527734.0,40.8,72.0,42.0,3.0,3.0,1.0,1.0,2.0,3.0,1.0,2.0,1.0,2.0,4.0,5.0,54.0,7.4,3.0,2.0,2.0,1.0,11400.0,0.0,0.0,1.0
260,2.0,1.0,534933.0,38.0,40.0,25.0,3.0,1.0,1.0,1.0,4.0,3.0,2.0,1.0,1.0,2.0,4.0,5.0,37.0,69.0,2.0,2.0,1.0,2.0,0.0,0.0,0.0,2.0
261,2.0,1.0,529296.0,38.4,48.0,16.0,2.0,1.0,1.0,1.0,1.0,3.0,2.0,2.0,1.0,2.0,4.0,2.0,39.0,6.5,2.0,2.0,1.0,2.0,3111.0,0.0,0.0,1.0
262,2.0,9.0,5305629.0,38.6,88.0,28.0,3.0,1.0,1.0,1.0,3.0,3.0,1.0,2.0,1.0,2.0,4.0,5.0,35.0,5.9,2.0,2.0,1.0,2.0,0.0,0.0,0.0,2.0
263,1.0,1.0,528743.0,37.1,75.0,36.0,3.0,1.0,3.0,2.0,4.0,4.0,2.0,2.0,3.0,5.0,4.0,4.0,48.0,7.4,3.0,3.2,2.0,1.0,12208.0,0.0,0.0,1.0
264,1.0,1.0,530478.0,38.3,44.0,21.0,3.0,1.0,2.0,1.0,3.0,3.0,3.0,2.0,1.0,2.0,1.0,5.0,44.0,6.5,2.0,4.4,1.0,1.0,2209.0,0.0,0.0,1.0
265,2.0,1.0,528590.0,38.0,56.0,68.0,3.0,1.0,1.0,1.0,3.0,3.0,1.0,2.0,1.0,2.0,1.0,5.0,40.0,6.0,2.0,2.0,3.0,1.0,5206.0,0.0,0.0,2.0
266,2.0,1.0,529865.0,38.6,68.0,20.0,2.0,1.0,3.0,1.0,3.0,3.0,2.0,1.0,1.0,2.0,1.0,5.0,38.0,6.5,1.0,2.0,1.0,2.0,5124.0,0.0,0.0,1.0
267,2.0,1.0,527829.0,38.3,54.0,18.0,3.0,1.0,2.0,1.0,2.0,3.0,2.0,2.0,3.0,5.4,4.0,4.0,44.0,7.2,3.0,2.0,1.0,2.0,2124.0,0.0,0.0,1.0
268,1.0,1.0,534403.0,38.2,42.0,20.0,3.0,1.0,1.0,1.0,3.0,3.0,1.0,2.0,1.0,2.0,3.0,5.0,47.0,60.0,2.0,2.0,1.0,2.0,0.0,0.0,0.0,2.0
269,1.0,1.0,527883.0,39.3,64.0,90.0,2.0,3.0,1.0,1.0,3.0,3.0,1.0,1.0,2.0,6.5,1.0,5.0,39.0,6.7,2.0,2.0,1.0,1.0,31110.0,0.0,0.0,2.0
270,1.0,1.0,528570.0,37.5,60.0,50.0,3.0,3.0,1.0,1.0,3.0,3.0,2.0,2.0,2.0,3.5,3.0,4.0,35.0,6.5,2.0,2.0,2.0,1.0,2209.0,0.0,0.0,2.0
271,1.0,1.0,534626.0,37.7,80.0,20.0,3.0,3.0,6.0,1.0,5.0,4.0,1.0,2.0,3.0,2.0,3.0,1.0,50.0,55.0,3.0,2.0,1.0,1.0,4206.0,0.0,0.0,2.0
272,1.0,1.0,529796.0,38.0,100.0,30.0,3.0,3.0,4.0,2.0,5.0,4.0,4.0,3.0,3.0,2.0,4.0,4.0,52.0,6.6,2.0,2.0,1.0,1.0,2124.0,0.0,0.0,2.0
273,1.0,1.0,528638.0,37.7,120.0,28.0,3.0,3.0,3.0,1.0,5.0,3.0,3.0,1.0,1.0,2.0,4.0,5.0,65.0,7.0,3.0,2.0,2.0,1.0,4205.0,0.0,0.0,1.0
274,1.0,1.0,534624.0,38.0,76.0,20.0,3.0,3.0,1.0,1.0,3.0,4.0,4.0,2.0,1.0,2.0,4.0,5.0,37.0,7.5,2.0,2.0,3.0,1.0,11124.0,0.0,0.0,2.0
275,1.0,9.0,5297159.0,38.8,150.0,50.0,1.0,3.0,6.0,2.0,5.0,3.0,2.0,1.0,1.0,2.0,4.0,5.0,50.0,6.2,2.0,2.0,2.0,1.0,4207.0,0.0,0.0,2.0
276,1.0,1.0,534787.0,38.0,36.0,16.0,3.0,1.0,1.0,1.0,4.0,2.0,2.0,3.0,3.0,2.0,3.0,5.0,37.0,75.0,2.0,1.0,3.0,2.0,3111.0,0.0,0.0,2.0
277,2.0,1.0,528620.0,36.9,50.0,40.0,2.0,3.0,3.0,1.0,1.0,3.0,2.0,3.0,1.0,7.0,4.0,5.0,37.5,6.5,2.0,2.0,1.0,2.0,3111.0,0.0,0.0,2.0
278,2.0,1.0,528019.0,37.8,40.0,16.0,1.0,1.0,1.0,1.0,1.0,1.0,1.0,2.0,1.0,2.0,1.0,1.0,37.0,6.8,2.0,2.0,1.0,2.0,0.0,0.0,0.0,2.0
279,2.0,1.0,529172.0,38.2,56.0,40.0,4.0,3.0,1.0,1.0,2.0,4.0,3.0,2.0,2.0,7.5,4.0,5.0,47.0,7.2,1.0,2.5,1.0,2.0,8300.0,0.0,0.0,1.0
280,1.0,1.0,534644.0,38.6,48.0,12.0,3.0,1.0,1.0,1.0,1.0,1.0,1.0,2.0,1.0,2.0,4.0,5.0,36.0,67.0,2.0,2.0,1.0,2.0,0.0,0.0,0.0,2.0
281,2.0,1.0,530624.0,40.0,78.0,20.0,3.0,3.0,5.0,1.0,2.0,3.0,1.0,1.0,1.0,2.0,4.0,1.0,66.0,6.5,2.0,2.0,2.0,1.0,8400.0,0.0,0.0,1.0
282,1.0,1.0,527544.0,38.0,70.0,16.0,3.0,4.0,5.0,2.0,2.0,3.0,2.0,2.0,1.0,2.0,4.0,5.0,60.0,7.5,2.0,2.0,2.0,1.0,1400.0,0.0,0.0,2.0
283,1.0,1.0,527758.0,38.2,72.0,18.0,3.0,1.0,1.0,1.0,3.0,3.0,1.0,2.0,1.0,2.0,4.0,5.0,35.0,6.4,2.0,2.0,1.0,1.0,3124.0,0.0,0.0,2.0
284,2.0,1.0,530439.0,38.5,54.0,20.0,1.0,1.0,1.0,1.0,3.0,1.0,1.0,2.0,1.0,2.0,1.0,5.0,40.0,6.8,2.0,7.0,1.0,2.0,0.0,0.0,0.0,1.0
285,1.0,1.0,5283431.0,38.5,66.0,24.0,1.0,1.0,1.0,1.0,3.0,3.0,1.0,2.0,1.0,2.0,4.0,5.0,40.0,6.7,1.0,2.0,1.0,1.0,31110.0,0.0,0.0,1.0
286,2.0,1.0,5275212.0,37.8,82.0,12.0,3.0,1.0,1.0,2.0,4.0,3.0,3.0,1.0,3.0,2.0,4.0,5.0,50.0,7.0,2.0,2.0,3.0,1.0,2205.0,0.0,0.0,2.0
287,2.0,9.0,5305129.0,39.5,84.0,30.0,3.0,1.0,1.0,1.0,3.0,3.0,1.0,2.0,1.0,2.0,4.0,5.0,28.0,5.0,2.0,2.0,1.0,2.0,0.0,0.0,0.0,2.0
288,1.0,1.0,529428.0,38.0,48.0,20.0,3.0,1.0,1.0,1.0,3.0,3.0,1.0,2.0,1.0,2.0,4.0,5.0,37.0,7.5,2.0,2.0,1.0,1.0,2124.0,0.0,0.0,2.0
289,1.0,1.0,529126.0,38.0,50.0,36.0,3.0,1.0,1.0,1.0,3.0,2.0,2.0,2.0,1.0,2.0,3.0,5.0,39.0,6.6,1.0,5.3,1.0,1.0,8400.0,0.0,0.0,1.0
290,2.0,1.0,535054.0,38.6,45.0,16.0,2.0,1.0,2.0,1.0,1.0,1.0,1.0,2.0,1.0,2.0,1.0,1.0,43.0,58.0,2.0,2.0,1.0,2.0,0.0,0.0,0.0,2.0
291,1.0,1.0,528890.0,38.9,80.0,44.0,3.0,3.0,3.0,1.0,2.0,3.0,3.0,2.0,2.0,7.0,3.0,1.0,54.0,6.5,3.0,2.0,2.0,1.0,7111.0,0.0,0.0,2.0
292,1.0,1.0,530034.0,37.0,66.0,20.0,1.0,3.0,2.0,1.0,4.0,3.0,3.0,1.0,1.0,2.0,1.0,5.0,35.0,6.9,2.0,2.0,2.0,1.0,31110.0,0.0,0.0,2.0
293,1.0,1.0,534004.0,38.0,78.0,24.0,3.0,3.0,3.0,1.0,3.0,3.0,1.0,2.0,1.0,2.0,4.0,4.0,43.0,62.0,2.0,2.0,3.0,2.0,2209.0,0.0,0.0,2.0
294,2.0,1.0,533902.0,38.5,40.0,16.0,1.0,1.0,1.0,1.0,2.0,1.0,1.0,2.0,1.0,2.0,3.0,2.0,37.0,67.0,2.0,2.0,1.0,2.0,0.0,0.0,0.0,2.0
295,1.0,1.0,533886.0,38.0,120.0,70.0,4.0,1.0,4.0,2.0,2.0,4.0,1.0,2.0,1.0,2.0,4.0,5.0,55.0,65.0,2.0,2.0,3.0,2.0,3205.0,0.0,0.0,2.0
296,2.0,1.0,527702.0,37.2,72.0,24.0,3.0,2.0,4.0,2.0,4.0,3.0,3.0,3.0,1.0,2.0,4.0,4.0,44.0,7.5,3.0,3.3,3.0,1.0,2208.0,0.0,0.0,1.0
297,1.0,1.0,529386.0,37.5,72.0,30.0,4.0,3.0,4.0,1.0,4.0,4.0,3.0,2.0,1.0,2.0,3.0,5.0,60.0,6.8,2.0,2.0,2.0,1.0,3205.0,0.0,0.0,2.0
298,1.0,1.0,530612.0,36.5,100.0,24.0,3.0,3.0,3.0,1.0,3.0,3.0,3.0,3.0,1.0,2.0,4.0,4.0,50.0,6.0,3.0,3.4,1.0,1.0,2208.0,0.0,0.0,1.0
299,1.0,1.0,534618.0,37.2,40.0,20.0,3.0,1.0,1.0,1.0,3.0,3.0,1.0,2.0,1.0,2.0,4.0,1.0,36.0,62.0,1.0,1.0,3.0,2.0,6112.0,0.0,0.0,2.0
300,2.0,1.0,528626.0,38.5,54.0,20.0,3.0,1.0,2.0,2.0,3.0,4.0,1.0,2.0,2.0,5.9,4.0,2.0,42.0,6.3,2.0,2.0,1.0,2.0,3111.0,0.0,0.0,1.0
301,2.0,1.0,527950.0,37.6,48.0,36.0,3.0,1.0,1.0,1.0,3.0,3.0,1.0,2.0,1.0,2.0,4.0,5.0,44.0,6.3,1.0,5.0,1.0,2.0,3111.0,0.0,0.0,1.0
302,1.0,1.0,535263.0,37.7,44.0,28.0,3.0,4.0,3.0,2.0,5.0,4.0,4.0,1.0,1.0,2.0,3.0,5.0,45.0,70.0,3.0,2.0,1.0,1.0,3205.0,0.0,0.0,2.0
303,1.0,1.0,534523.0,37.0,56.0,24.0,3.0,1.0,4.0,2.0,4.0,4.0,3.0,1.0,1.0,2.0,4.0,5.0,35.0,61.0,3.0,2.0,3.0,2.0,2205.0,2208.0,0.0,2.0
304,2.0,1.0,528926.0,38.0,42.0,12.0,3.0,1.0,3.0,1.0,1.0,3.0,1.0,2.0,1.0,2.0,4.0,2.0,37.0,5.8,2.0,2.0,1.0,2.0,3111.0,0.0,0.0,2.0
305,1.0,1.0,534922.0,38.0,60.0,40.0,3.0,1.0,1.0,1.0,3.0,4.0,1.0,3.0,2.0,2.0,4.0,5.0,42.0,72.0,2.0,2.0,1.0,1.0,3111.0,0.0,0.0,2.0
306,2.0,1.0,527642.0,38.4,80.0,60.0,3.0,2.0,2.0,1.0,3.0,2.0,1.0,2.0,2.0,2.0,1.0,1.0,54.0,6.9,2.0,2.0,1.0,2.0,0.0,0.0,0.0,2.0
307,2.0,1.0,5279821.0,37.8,48.0,12.0,2.0,1.0,2.0,1.0,3.0,3.0,1.0,2.0,1.0,2.0,2.0,5.0,48.0,7.3,1.0,2.0,1.0,2.0,0.0,0.0,0.0,1.0
308,1.0,1.0,534790.0,38.0,65.0,40.0,3.0,1.0,4.0,2.0,2.0,3.0,1.0,2.0,1.0,2.0,4.0,5.0,37.0,7.5,2.0,2.0,1.0,1.0,3111.0,3205.0,0.0,2.0
309,2.0,1.0,5275211.0,37.9,45.0,36.0,3.0,3.0,3.0,2.0,2.0,3.0,1.0,2.0,1.0,2.0,3.0,5.0,33.0,5.7,3.0,2.0,1.0,1.0,2205.0,0.0,0.0,1.0
310,2.0,1.0,5278332.0,39.0,84.0,12.0,3.0,1.0,5.0,1.0,2.0,4.0,2.0,1.0,2.0,7.0,4.0,4.0,62.0,5.9,2.0,2.2,2.0,1.0,2208.0,0.0,0.0,1.0
311,2.0,1.0,528959.0,38.2,60.0,24.0,3.0,1.0,3.0,2.0,3.0,3.0,2.0,3.0,3.0,2.0,4.0,4.0,53.0,7.5,2.0,1.4,1.0,2.0,1124.0,0.0,0.0,1.0
312,1.0,1.0,534921.0,38.0,140.0,20.0,3.0,1.0,4.0,2.0,5.0,4.0,4.0,1.0,1.0,2.0,4.0,5.0,30.0,69.0,2.0,2.0,2.0,2.0,6112.0,0.0,0.0,2.0
313,1.0,1.0,528999.0,37.9,120.0,60.0,3.0,3.0,3.0,1.0,5.0,4.0,4.0,2.0,2.0,7.5,4.0,5.0,52.0,6.6,3.0,1.8,2.0,1.0,3205.0,0.0,0.0,1.0
314,2.0,1.0,528067.0,38.0,72.0,36.0,1.0,1.0,3.0,1.0,3.0,3.0,2.0,2.0,1.0,2.0,3.0,5.0,38.0,6.8,2.0,2.0,1.0,2.0,3124.0,0.0,0.0,1.0
315,2.0,9.0,5291329.0,38.0,92.0,28.0,1.0,1.0,2.0,1.0,1.0,3.0,2.0,3.0,1.0,7.2,4.0,5.0,37.0,6.1,1.0,1.1,1.0,2.0,0.0,0.0,0.0,1.0
316,1.0,1.0,529478.0,38.3,66.0,30.0,2.0,3.0,1.0,1.0,2.0,4.0,3.0,3.0,2.0,8.5,4.0,5.0,37.0,6.0,2.0,2.0,1.0,1.0,5111.0,0.0,0.0,2.0
317,2.0,1.0,529991.0,37.5,48.0,24.0,3.0,1.0,1.0,1.0,2.0,1.0,1.0,1.0,1.0,2.0,3.0,2.0,43.0,6.0,1.0,2.8,1.0,2.0,7111.0,0.0,0.0,1.0
318,1.0,1.0,530033.0,37.5,88.0,20.0,2.0,3.0,3.0,1.0,4.0,3.0,3.0,2.0,1.0,2.0,4.0,5.0,35.0,6.4,1.0,2.0,2.0,1.0,2205.0,0.0,0.0,2.0
319,2.0,9.0,5299049.0,38.0,150.0,60.0,4.0,4.0,4.0,2.0,5.0,4.0,4.0,2.0,1.0,2.0,4.0,5.0,37.0,7.5,2.0,2.0,2.0,1.0,1400.0,0.0,0.0,2.0
320,1.0,1.0,534497.0,39.7,100.0,30.0,3.0,1.0,6.0,2.0,4.0,4.0,3.0,1.0,1.0,2.0,4.0,5.0,65.0,75.0,2.0,2.0,3.0,1.0,3205.0,0.0,0.0,2.0
321,1.0,1.0,528369.0,38.3,80.0,20.0,3.0,3.0,4.0,2.0,5.0,4.0,3.0,2.0,1.0,2.0,4.0,4.0,45.0,7.5,2.0,4.6,1.0,1.0,3209.0,0.0,0.0,1.0
322,2.0,1.0,530107.0,37.5,40.0,32.0,3.0,1.0,3.0,1.0,3.0,2.0,3.0,2.0,1.0,2.0,4.0,5.0,32.0,6.4,1.0,1.1,1.0,1.0,3124.0,0.0,0.0,1.0
323,1.0,1.0,530239.0,38.4,84.0,30.0,3.0,1.0,5.0,2.0,4.0,3.0,3.0,2.0,3.0,6.5,4.0,4.0,47.0,7.5,3.0,2.0,2.0,1.0,6111.0,0.0,0.0,2.0
324,1.0,1.0,530505.0,38.1,84.0,44.0,4.0,1.0,4.0,2.0,5.0,3.0,1.0,1.0,3.0,5.0,4.0,4.0,60.0,6.8,2.0,5.7,2.0,1.0,2209.0,0.0,0.0,1.0
325,2.0,1.0,529567.0,38.7,52.0,20.0,1.0,1.0,1.0,1.0,1.0,3.0,1.0,2.0,1.0,2.0,1.0,3.0,4.0,74.0,2.0,2.0,1.0,2.0,0.0,0.0,0.0,2.0
326,2.0,1.0,529597.0,38.1,44.0,40.0,2.0,1.0,3.0,1.0,3.0,3.0,1.0,2.0,1.0,2.0,1.0,3.0,35.0,6.8,2.0,2.0,1.0,2.0,0.0,0.0,0.0,2.0
327,2.0,1.0,534429.0,38.4,52.0,20.0,2.0,1.0,3.0,1.0,1.0,3.0,2.0,2.0,1.0,2.0,3.0,5.0,41.0,63.0,1.0,1.0,1.0,2.0,0.0,0.0,0.0,2.0
328,1.0,1.0,529629.0,38.2,60.0,20.0,1.0,1.0,3.0,1.0,2.0,1.0,1.0,1.0,1.0,2.0,4.0,4.0,43.0,6.2,2.0,3.9,1.0,1.0,2206.0,0.0,0.0,1.0
329,2.0,1.0,528382.0,37.7,40.0,18.0,1.0,1.0,1.0,1.0,3.0,2.0,1.0,1.0,1.0,2.0,3.0,3.0,36.0,3.5,2.0,2.0,1.0,2.0,400.0,0.0,0.0,2.0
330,1.0,1.0,534898.0,39.1,60.0,10.0,3.0,1.0,1.0,1.0,2.0,3.0,1.0,2.0,1.0,2.0,4.0,4.0,37.0,7.5,2.0,2.0,1.0,1.0,2113.0,0.0,0.0,2.0
331,2.0,1.0,529615.0,37.8,48.0,16.0,1.0,1.0,1.0,1.0,3.0,1.0,1.0,2.0,1.0,2.0,4.0,3.0,43.0,7.5,2.0,2.0,1.0,2.0,0.0,0.0,0.0,2.0
332,1.0,1.0,526090.0,39.0,120.0,20.0,4.0,3.0,5.0,2.0,2.0,4.0,3.0,2.0,3.0,8.0,4.0,5.0,65.0,8.2,3.0,4.6,1.0,2.0,5110.0,0.0,0.0,2.0
333,1.0,1.0,529765.0,38.2,76.0,20.0,2.0,3.0,2.0,1.0,5.0,3.0,3.0,1.0,2.0,6.0,1.0,5.0,35.0,6.5,2.0,0.9,1.0,1.0,3205.0,0.0,0.0,1.0
334,2.0,1.0,528310.0,38.3,88.0,20.0,3.0,1.0,6.0,1.0,3.0,3.0,1.0,2.0,1.0,2.0,4.0,5.0,37.0,7.5,2.0,2.0,2.0,2.0,2300.0,0.0,0.0,2.0
335,1.0,1.0,529925.0,38.0,80.0,30.0,3.0,3.0,3.0,1.0,3.0,3.0,1.0,2.0,1.0,6.0,4.0,5.0,48.0,8.3,2.0,4.3,1.0,1.0,2111.0,0.0,0.0,2.0
336,1.0,1.0,527807.0,38.0,48.0,20.0,3.0,1.0,1.0,1.0,2.0,3.0,3.0,1.0,3.0,6.0,4.0,4.0,37.0,7.5,2.0,2.0,2.0,1.0,2113.0,0.0,0.0,1.0
337,1.0,1.0,5281441.0,37.6,40.0,20.0,1.0,1.0,1.0,1.0,1.0,1.0,1.0,2.0,1.0,2.0,1.0,1.0,37.0,7.5,2.0,2.1,1.0,1.0,31110.0,0.0,0.0,1.0
338,2.0,1.0,530695.0,37.5,44.0,20.0,1.0,1.0,1.0,1.0,3.0,3.0,2.0,2.0,1.0,2.0,4.0,5.0,45.0,5.8,2.0,1.4,1.0,2.0,3111.0,0.0,0.0,1.0
339,2.0,1.0,533889.0,38.2,42.0,16.0,1.0,1.0,3.0,1.0,1.0,3.0,1.0,2.0,1.0,2.0,1.0,5.0,35.0,60.0,1.0,1.0,1.0,2.0,0.0,0.0,0.0,2.0
340,2.0,1.0,533815.0,38.0,56.0,44.0,3.0,3.0,3.0,1.0,3.0,1.0,1.0,2.0,1.0,2.0,4.0,5.0,47.0,70.0,2.0,1.0,1.0,2.0,0.0,0.0,0.0,2.0
341,2.0,1.0,527664.0,38.3,45.0,20.0,3.0,3.0,2.0,2.0,2.0,4.0,1.0,2.0,1.0,2.0,4.0,5.0,37.0,7.5,2.0,2.0,1.0,2.0,0.0,0.0,0.0,2.0
342,1.0,1.0,5262542.0,38.0,48.0,96.0,1.0,1.0,3.0,1.0,3.0,4.0,1.0,2.0,1.0,2.0,1.0,4.0,42.0,8.0,1.0,2.0,1.0,1.0,2208.0,0.0,0.0,2.0
343,1.0,1.0,528268.0,37.7,55.0,28.0,2.0,1.0,2.0,1.0,2.0,3.0,3.0,2.0,3.0,5.0,4.0,5.0,37.0,7.5,2.0,2.0,1.0,1.0,3209.0,0.0,0.0,2.0
344,2.0,1.0,528919.0,36.0,100.0,20.0,4.0,3.0,6.0,2.0,2.0,4.0,3.0,1.0,1.0,2.0,4.0,5.0,74.0,5.7,2.0,2.5,3.0,1.0,3205.0,0.0,0.0,1.0
345,1.0,1.0,527494.0,37.1,60.0,20.0,2.0,1.0,4.0,1.0,3.0,3.0,3.0,2.0,2.0,5.0,3.0,4.0,64.0,8.5,2.0,2.0,1.0,1.0,7111.0,0.0,0.0,1.0
346,2.0,1.0,529980.0,37.1,114.0,40.0,3.0,1.0,3.0,2.0,2.0,2.0,1.0,2.0,1.0,2.0,4.0,3.0,32.0,7.5,3.0,6.5,1.0,2.0,400.0,0.0,0.0,2.0
347,1.0,1.0,533954.0,38.1,72.0,30.0,3.0,3.0,3.0,1.0,4.0,4.0,3.0,2.0,1.0,2.0,3.0,5.0,37.0,56.0,3.0,1.0,1.0,1.0,4206.0,0.0,0.0,2.0
348,1.0,1.0,5281092.0,37.0,44.0,12.0,3.0,1.0,1.0,2.0,1.0,1.0,1.0,2.0,1.0,2.0,4.0,2.0,40.0,6.7,3.0,8.0,1.0,1.0,2208.0,0.0,0.0,2.0
349,1.0,1.0,534686.0,38.6,48.0,20.0,3.0,1.0,1.0,1.0,4.0,3.0,1.0,2.0,1.0,2.0,3.0,5.0,37.0,75.0,2.0,2.0,1.0,1.0,3111.0,0.0,0.0,2.0
350,1.0,1.0,534475.0,38.0,82.0,72.0,3.0,1.0,4.0,1.0,2.0,3.0,3.0,2.0,3.0,2.0,4.0,4.0,53.0,65.0,3.0,2.0,3.0,1.0,2209.0,3205.0,0.0,2.0
351,1.0,9.0,5274919.0,38.2,78.0,60.0,4.0,4.0,6.0,1.0,3.0,3.0,3.0,2.0,1.0,2.0,1.0,5.0,59.0,5.8,3.0,3.1,2.0,1.0,1400.0,0.0,0.0,1.0
352,2.0,1.0,533815.0,37.8,60.0,16.0,1.0,1.0,3.0,1.0,2.0,3.0,2.0,1.0,2.0,2.0,3.0,5.0,41.0,73.0,2.0,2.0,3.0,2.0,4124.0,0.0,0.0,2.0
353,1.0,1.0,534156.0,38.7,34.0,30.0,2.0,1.0,3.0,1.0,2.0,3.0,1.0,2.0,1.0,2.0,4.0,5.0,33.0,69.0,2.0,2.0,3.0,1.0,7113.0,0.0,0.0,2.0
354,1.0,1.0,514279.0,38.0,36.0,12.0,1.0,1.0,1.0,1.0,1.0,2.0,1.0,1.0,1.0,2.0,1.0,5.0,44.0,7.5,2.0,2.0,1.0,1.0,31110.0,0.0,0.0,1.0
355,2.0,1.0,528433.0,38.3,44.0,60.0,3.0,1.0,1.0,1.0,3.0,3.0,1.0,2.0,1.0,2.0,4.0,5.0,6.4,36.0,2.0,2.0,1.0,1.0,0.0,0.0,0.0,2.0
356,2.0,1.0,527465.0,37.4,54.0,18.0,3.0,1.0,1.0,1.0,3.0,4.0,3.0,2.0,2.0,2.0,4.0,5.0,30.0,7.1,2.0,2.0,1.0,1.0,7111.0,0.0,0.0,1.0
357,1.0,1.0,534268.0,38.0,48.0,20.0,4.0,3.0,1.0,2.0,2.0,4.0,1.0,2.0,1.0,2.0,4.0,5.0,54.0,76.0,3.0,2.0,1.0,1.0,8405.0,0.0,0.0,2.0
358,1.0,1.0,535337.0,36.6,48.0,16.0,3.0,1.0,3.0,1.0,4.0,1.0,1.0,1.0,1.0,2.0,4.0,5.0,27.0,56.0,2.0,2.0,3.0,1.0,4206.0,0.0,0.0,2.0
359,1.0,1.0,534111.0,38.5,90.0,20.0,1.0,1.0,3.0,1.0,3.0,3.0,3.0,2.0,3.0,2.0,4.0,5.0,47.0,79.0,2.0,2.0,1.0,1.0,6112.0,0.0,0.0,2.0
360,1.0,1.0,530576.0,38.0,75.0,12.0,1.0,1.0,4.0,1.0,5.0,3.0,3.0,2.0,3.0,5.8,4.0,5.0,58.0,8.5,1.0,2.0,1.0,1.0,2209.0,0.0,0.0,1.0
361,2.0,1.0,529930.0,38.2,42.0,20.0,3.0,1.0,1.0,1.0,1.0,1.0,2.0,2.0,1.0,2.0,3.0,2.0,35.0,5.9,2.0,2.0,1.0,2.0,3113.0,0.0,0.0,2.0
362,1.0,9.0,5274919.0,38.2,78.0,60.0,4.0,4.0,6.0,1.0,3.0,3.0,3.0,2.0,1.0,2.0,1.0,5.0,59.0,5.8,3.0,3.1,2.0,1.0,2205.0,0.0,0.0,1.0
363,2.0,1.0,529695.0,38.6,60.0,30.0,1.0,1.0,3.0,1.0,4.0,2.0,2.0,1.0,1.0,2.0,4.0,5.0,40.0,6.0,1.0,2.0,1.0,1.0,3205.0,0.0,0.0,2.0
364,2.0,1.0,528452.0,37.8,42.0,40.0,1.0,1.0,1.0,1.0,1.0,3.0,1.0,2.0,1.0,2.0,3.0,3.0,36.0,6.2,2.0,2.0,1.0,2.0,4124.0,0.0,0.0,2.0
365,1.0,1.0,534783.0,38.0,60.0,12.0,1.0,1.0,2.0,1.0,2.0,1.0,1.0,1.0,1.0,2.0,1.0,4.0,44.0,65.0,3.0,2.0,3.0,1.0,2209.0,0.0,0.0,2.0
366,2.0,1.0,528926.0,38.0,42.0,12.0,3.0,1.0,3.0,1.0,1.0,1.0,1.0,2.0,1.0,2.0,4.0,1.0,37.0,5.8,2.0,2.0,1.0,2.0,3111.0,0.0,0.0,2.0
367,2.0,1.0,530670.0,37.6,88.0,36.0,3.0,1.0,1.0,1.0,3.0,3.0,2.0,1.0,3.0,1.5,4.0,5.0,44.0,6.0,2.0,2.0,2.0,1.0,2112.0,0.0,0.0,2.0
